user_id,account_id,created_at,role
1,5,2025-12-24,admin
2,64,2025-12-22,member
3,32,2026-03-11,member
4,6,2026-02-09,member
5,66,2025-12-25,member
6,103,2026-01-17,member
7,79,2026-02-10,member
8,108,2026-02-24,admin
9,13,2026-02-04,member
10,47,2025-10-16,member
11,110,2026-01-06,member
12,58,2026-02-18,member
13,79,2026-02-18,viewer
14,89,2025-12-29,member
15,78,2025-10-22,member
16,22,2026-02-15,member
17,90,2026-02-13,member
18,9,2026-01-02,member
19,30,2026-03-08,member
20,47,2025-11-03,member
21,109,2026-01-18,member
22,59,2025-11-26,viewer
23,35,2026-01-27,admin
24,102,2026-02-03,member
25,43,2025-10-18,admin
26,40,2026-01-26,member
27,6,2026-02-09,member
28,119,2026-01-02,member
29,74,2025-09-28,member
30,120,2026-02-22,member
31,109,2025-11-04,member
32,5,2026-03-04,admin
33,82,2026-02-15,member
34,49,2026-02-18,member
35,115,2026-02-16,member
36,76,2026-03-10,admin
37,6,2026-02-24,member
38,103,2026-02-20,member
39,94,2026-02-20,member
40,73,2026-03-09,member
41,95,2025-10-24,member
42,1,2026-02-20,member
43,24,2025-12-03,member
44,4,2026-02-09,member
45,64,2025-12-24,member
46,68,2026-02-22,member
47,49,2026-02-21,member
48,41,2025-12-21,member
49,82,2026-02-11,viewer
50,92,2025-12-25,member
51,60,2026-02-08,member
52,33,2026-02-01,member
53,59,2026-03-10,member
54,46,2026-02-27,member
55,10,2025-12-25,member
56,69,2025-12-06,member
57,76,2026-01-16,member
58,119,2026-02-13,member
59,105,2026-01-27,member
60,59,2025-11-09,admin
61,47,2025-11-24,member
62,69,2025-11-19,member
63,78,2025-11-02,viewer
64,36,2025-11-14,member
65,43,2025-12-26,member
66,100,2026-01-30,member
67,115,2026-02-20,admin
68,67,2025-10-15,member
69,88,2026-02-04,admin
70,1,2026-03-11,member
71,28,2026-02-10,member
72,108,2026-02-14,admin
73,17,2025-09-21,member
74,104,2026-03-04,member
75,106,2026-01-25,member
76,45,2026-01-21,member
77,51,2025-11-01,member
78,39,2025-12-25,member
79,86,2026-02-27,member
80,71,2026-02-02,member
81,76,2026-02-18,member
82,12,2026-02-21,member
83,30,2026-02-23,member
84,34,2025-11-30,member
85,69,2026-01-13,viewer
86,34,2025-11-21,member
87,93,2026-03-09,member
88,115,2026-03-07,admin
89,101,2025-11-25,member
90,100,2026-02-04,member
91,74,2025-12-19,member
92,90,2026-02-15,member
93,43,2026-02-04,viewer
94,29,2026-02-21,member
95,37,2025-11-15,member
96,42,2026-01-01,viewer
97,5,2026-02-18,admin
98,115,2026-02-11,member
99,117,2026-02-08,viewer
100,46,2026-02-27,member
101,4,2026-02-02,viewer
102,7,2026-03-05,member
103,82,2026-02-12,member
104,20,2026-01-03,member
105,20,2026-01-24,member
106,104,2026-03-08,admin
107,101,2025-12-28,viewer
108,80,2026-02-25,member
109,43,2025-10-13,member
110,98,2026-03-09,admin
111,42,2025-12-04,member
112,1,2026-02-16,member
113,104,2026-02-21,member
114,54,2026-03-01,member
115,8,2026-01-06,member
116,118,2026-02-05,member
117,113,2026-02-13,member
118,34,2026-02-20,member
119,54,2026-02-16,member
120,39,2026-01-08,member
121,80,2026-03-09,member
122,44,2026-02-14,member
123,1,2025-12-24,member
124,46,2026-02-25,member
125,41,2026-01-21,admin
126,6,2026-03-05,member
127,56,2026-02-23,member
128,91,2026-03-01,member
129,77,2026-01-27,member
130,84,2026-01-28,admin
131,46,2026-01-28,member
132,34,2025-11-08,member
133,108,2026-01-23,member
134,70,2026-02-18,member
135,6,2026-03-07,member
136,33,2025-12-04,admin
137,67,2026-02-08,viewer
138,47,2026-02-10,viewer
139,29,2026-02-13,member
140,97,2026-01-10,member
141,21,2026-01-24,admin
142,28,2025-11-29,member
143,10,2026-02-22,admin
144,82,2026-01-29,member
145,2,2026-01-28,member
146,11,2026-02-12,member
147,8,2026-01-12,member
148,33,2026-02-14,member
149,93,2026-02-20,viewer
150,89,2025-12-08,member
151,8,2026-01-27,member
152,26,2026-03-06,admin
153,33,2025-12-29,member
154,18,2026-01-13,admin
155,72,2026-02-28,member
156,2,2025-10-18,viewer
157,119,2025-12-31,viewer
158,46,2026-02-12,member
159,26,2026-03-04,member
160,87,2026-01-28,member
161,80,2026-02-21,member
162,74,2025-11-21,member
163,101,2026-02-12,member
164,20,2025-11-01,member
165,67,2025-10-06,admin
166,13,2026-03-03,member
167,49,2026-02-09,admin
168,10,2025-11-22,member
169,96,2026-03-04,member
170,95,2025-11-18,member
171,75,2026-03-02,member
172,27,2026-02-17,viewer
173,63,2025-12-30,admin
174,83,2026-01-03,member
175,42,2025-12-06,admin
176,100,2026-01-25,member
177,52,2026-01-05,member
178,37,2026-01-01,member
179,32,2026-02-20,viewer
180,39,2026-02-10,member
181,37,2025-12-09,member
182,26,2026-02-27,member
183,118,2026-02-26,member
184,65,2026-02-19,admin
185,51,2025-12-27,admin
186,82,2026-01-03,viewer
187,76,2026-03-02,admin
188,31,2026-01-06,admin
189,33,2026-02-11,member
190,111,2025-11-02,member
191,69,2026-01-23,member
192,6,2026-02-16,member
193,104,2026-03-08,member
194,58,2026-02-12,member
195,44,2026-03-11,member
196,36,2026-03-09,member
197,33,2026-01-08,member
198,52,2026-01-09,member
199,109,2025-11-20,member
200,75,2026-03-01,member
201,35,2025-11-24,member
202,94,2026-02-21,member
203,81,2025-12-15,member
204,104,2026-02-28,admin
205,66,2026-02-18,member
206,96,2026-01-16,member
207,93,2026-02-12,member
208,109,2025-11-15,member
209,89,2026-02-11,viewer
210,1,2026-03-04,member
211,45,2025-12-25,member
212,107,2026-01-10,member
213,32,2026-02-01,member
214,63,2026-02-19,admin
215,79,2026-02-17,admin
216,40,2026-01-27,admin
217,45,2025-11-14,member
218,22,2026-02-27,member
219,72,2026-03-11,member
220,96,2026-02-04,member
221,76,2026-02-11,member
222,36,2025-12-18,viewer
223,116,2026-02-15,member
224,46,2026-02-01,member
225,8,2026-03-07,member
226,42,2026-02-06,member
227,106,2026-01-26,viewer
228,70,2026-03-07,member
229,22,2026-02-20,member
230,41,2025-12-16,member
231,117,2026-02-03,member
232,10,2026-02-03,admin
233,120,2026-01-11,member
234,44,2026-03-05,viewer
235,74,2025-12-16,member
236,104,2026-02-25,member
237,2,2026-02-11,member
238,86,2026-01-27,member
239,45,2026-01-31,member
240,116,2026-02-14,member
241,99,2025-12-17,member
242,4,2026-02-11,member
243,38,2026-01-11,member
244,32,2026-02-10,member
245,106,2026-02-20,member
246,91,2026-02-25,member
247,55,2026-03-07,member
248,9,2026-02-18,admin
249,112,2026-01-31,member
250,51,2025-10-04,member
251,10,2026-01-23,member
252,91,2026-02-28,member
253,31,2026-03-03,member
254,57,2026-03-02,member
255,55,2025-12-19,member
256,55,2026-02-08,member
257,20,2025-12-03,member
258,42,2025-11-25,member
259,18,2026-01-19,member
260,21,2026-01-28,member
261,102,2026-02-02,member
262,9,2026-02-27,member
263,79,2026-03-10,member
264,36,2026-01-23,member
265,101,2025-12-25,member
266,63,2026-03-01,viewer
267,47,2026-02-03,member
268,107,2026-03-12,member
269,108,2025-12-21,member
270,26,2026-02-18,member
271,83,2026-03-03,member
272,71,2026-01-24,member
273,113,2026-03-03,member
274,85,2026-01-07,member
275,109,2025-10-28,admin
276,48,2025-10-29,member
277,22,2026-03-02,member
278,37,2026-02-21,member
279,42,2026-02-11,member
280,36,2025-12-21,member
281,99,2025-11-21,member
282,17,2025-11-05,member
283,109,2026-01-06,member
284,109,2026-02-02,member
285,84,2026-01-14,member
286,48,2025-11-27,member
287,81,2025-12-11,member
288,2,2025-11-27,admin
289,16,2026-03-12,admin
290,117,2026-01-05,member
291,13,2026-01-26,member
292,76,2026-02-24,member
293,57,2026-02-10,member
294,63,2026-03-07,admin
295,12,2026-03-02,member
296,93,2026-02-13,member
297,85,2025-09-25,member
298,30,2026-01-25,member
299,37,2025-12-06,viewer
300,32,2026-01-20,member
301,36,2026-01-30,member
302,10,2026-02-26,member
303,1,2026-02-22,member
304,63,2025-12-19,member
305,53,2025-11-28,admin
306,112,2026-01-10,member
307,6,2026-03-10,member
308,95,2026-01-28,member
309,15,2025-12-01,member
310,82,2026-01-05,member
311,60,2026-02-18,admin
312,20,2025-12-03,member
313,93,2026-02-21,member
314,74,2025-12-08,member
315,84,2026-03-07,member
316,109,2026-02-21,member
317,59,2026-02-15,viewer
318,117,2026-01-05,member
319,15,2025-12-26,admin
320,16,2026-02-05,member
321,10,2026-01-31,member
322,21,2026-02-18,admin
323,73,2026-02-05,member
324,45,2026-01-01,member
325,77,2026-03-03,member
326,5,2025-12-27,member
327,70,2026-03-09,viewer
328,89,2025-12-20,member
329,17,2026-03-06,member
330,9,2026-03-02,member
331,98,2026-03-10,member
332,26,2026-03-10,member
333,41,2026-01-05,admin
334,73,2026-01-24,member
335,45,2026-02-05,member
336,55,2026-02-01,member
337,58,2026-03-07,member
338,73,2026-03-10,member
339,43,2025-12-27,member
340,56,2026-03-12,viewer
341,43,2026-02-06,member
342,10,2026-03-06,admin
343,94,2026-02-26,member
344,21,2026-02-01,member
345,94,2026-02-14,viewer
346,105,2026-02-12,member
347,46,2026-01-24,member
348,41,2026-01-04,member
349,102,2026-02-13,member
350,82,2026-01-27,member
351,63,2025-12-29,viewer
352,55,2025-12-10,member
353,57,2026-02-08,member
354,25,2026-02-05,member
355,5,2026-01-03,member
356,96,2026-02-23,member
357,16,2026-02-26,member
358,7,2026-02-24,viewer
359,11,2026-02-16,member
360,72,2026-01-24,member
361,23,2026-02-19,member
362,100,2026-03-02,member
363,13,2026-03-08,viewer
364,17,2026-01-03,member
365,35,2025-12-14,admin
366,25,2026-02-18,member
367,42,2026-01-30,member
368,106,2026-01-18,member
369,57,2026-01-17,member
370,114,2026-02-09,member
371,115,2026-01-01,admin
372,5,2025-12-13,member
373,102,2026-03-06,member
374,112,2026-02-21,member
375,90,2026-02-27,viewer
376,59,2026-03-11,viewer
377,24,2026-02-21,member
378,3,2025-12-24,member
379,44,2026-02-21,member
380,71,2026-02-22,admin
381,101,2026-03-12,member
382,92,2025-10-16,viewer
383,44,2026-03-08,member
384,49,2026-01-28,member
385,97,2026-02-04,member
386,97,2026-02-23,viewer
387,67,2026-02-14,member
388,103,2026-02-26,member
389,73,2026-02-06,viewer
390,69,2026-02-18,member
391,85,2026-03-07,member
392,57,2026-01-26,member
393,48,2026-02-23,member
394,38,2026-01-02,member
395,32,2026-02-27,member
396,50,2026-02-09,member
397,21,2026-02-27,member
398,11,2026-01-29,admin
399,42,2026-02-19,admin
400,36,2026-02-26,member
401,34,2025-11-15,member
402,10,2025-12-02,member
403,88,2025-11-04,viewer
404,27,2026-01-11,member
405,54,2026-02-07,member
406,77,2026-01-09,admin
407,113,2026-02-25,member
408,16,2026-02-15,member
409,46,2026-02-03,admin
410,27,2026-03-09,member
411,20,2026-01-09,member
412,14,2026-01-25,viewer
413,96,2026-01-06,member
414,81,2025-12-13,member
415,3,2026-03-07,member
416,6,2026-02-05,member
417,3,2025-12-19,member
418,107,2026-01-20,viewer
419,5,2026-03-03,member
420,68,2026-02-06,member
421,59,2026-01-02,admin
422,30,2026-02-03,member
423,110,2026-03-08,member
424,63,2026-02-19,member
425,93,2026-03-04,member
426,94,2026-03-03,member
427,86,2026-02-06,member
428,54,2026-03-04,viewer
429,73,2025-12-05,member
430,88,2026-02-22,admin
431,57,2026-01-20,member
432,61,2026-02-15,member
433,38,2025-12-31,member
434,2,2025-11-25,member
435,46,2026-03-08,member
436,30,2026-02-15,member
437,58,2026-02-12,viewer
438,36,2026-02-17,admin
439,24,2025-10-01,viewer
440,27,2025-12-09,member
441,33,2025-12-28,member
442,68,2026-03-09,member
443,7,2026-01-23,member
444,5,2026-01-06,member
445,33,2025-12-30,member
446,80,2026-02-01,member
447,21,2026-02-04,member
448,60,2026-02-04,member
449,11,2026-02-09,member
450,67,2025-12-01,viewer
451,90,2026-02-21,viewer
452,53,2026-03-04,admin
453,2,2025-12-10,member
454,7,2026-03-04,member
455,19,2026-02-07,viewer
456,31,2026-02-16,viewer
457,44,2026-02-13,member
458,16,2025-12-24,member
459,31,2026-02-18,member
460,9,2026-01-09,member
461,61,2026-01-25,member
462,3,2025-10-09,member
463,86,2026-03-08,member
464,67,2025-11-13,member
465,47,2026-03-05,member
466,48,2026-01-02,member
467,101,2026-01-12,member
468,107,2025-12-20,viewer
469,71,2026-02-08,member
470,64,2025-12-30,member
471,32,2026-03-07,member
472,83,2026-01-10,member
473,103,2026-03-03,member
474,101,2025-11-24,member
475,70,2026-03-01,member
476,5,2026-01-22,member
477,20,2025-12-03,member
478,90,2026-02-19,member
479,92,2025-12-31,member
480,41,2026-03-08,member
481,120,2025-12-09,member
482,74,2025-10-24,member
483,73,2026-01-26,member
484,77,2026-03-02,member
485,111,2025-12-28,member
486,60,2026-02-22,member
487,15,2026-02-10,member
488,86,2026-01-29,member
489,10,2025-12-20,admin
490,17,2025-10-07,viewer
491,98,2026-01-22,member
492,42,2025-12-24,member
493,68,2026-01-25,member
494,65,2026-02-28,member
495,22,2026-02-10,member
496,80,2026-01-26,member
497,23,2026-03-09,member
498,100,2026-01-30,member
499,67,2025-11-10,member
500,3,2025-12-01,viewer
501,5,2026-03-12,member
502,47,2026-02-04,member
503,31,2026-02-20,member
504,103,2026-01-25,admin
505,106,2026-02-26,admin
506,32,2026-01-21,member
507,102,2026-02-02,member
508,8,2026-01-26,member
509,104,2026-02-21,member
510,114,2025-10-06,member
511,96,2026-02-12,member
512,117,2026-02-10,member
513,55,2026-01-01,member
514,94,2026-02-11,member
515,114,2025-11-29,member
516,18,2026-01-04,member
517,106,2026-02-01,member
518,29,2026-02-07,member
519,24,2026-02-08,admin
520,84,2026-02-22,member
521,49,2026-02-14,member
522,22,2026-03-03,member
523,101,2026-01-10,member
524,93,2026-02-28,member
525,20,2025-12-17,member
526,67,2025-11-10,member
527,1,2026-03-09,admin
528,14,2026-03-06,member
529,46,2026-03-01,member
530,1,2026-02-18,member
531,24,2025-10-01,member
532,68,2026-01-11,member
533,12,2026-03-07,member
534,32,2026-01-14,member
535,75,2026-02-01,admin
536,113,2026-02-13,member
537,115,2025-12-23,member
538,106,2026-02-10,member
539,54,2026-02-23,member
540,2,2026-02-01,member
541,23,2026-02-01,member
542,79,2026-02-10,member
543,16,2025-12-26,member
544,2,2025-11-12,viewer
545,13,2026-01-19,member
546,58,2026-02-14,member
547,67,2025-10-29,member
548,108,2026-01-26,member
549,92,2026-01-18,member
550,17,2025-11-21,member
551,74,2025-12-16,member
552,14,2026-02-21,member
553,56,2026-02-04,member
554,114,2025-12-30,member
555,11,2026-02-25,member
556,52,2026-02-06,member
557,53,2025-12-06,member
558,118,2026-02-17,member
559,9,2026-01-07,member
560,18,2026-01-16,member
561,16,2026-03-04,viewer
562,93,2026-02-21,viewer
563,103,2026-03-10,viewer
564,39,2026-03-03,member
565,71,2026-01-08,admin
566,81,2026-01-18,member
567,72,2026-03-09,member
568,72,2026-01-31,member
569,39,2026-01-11,member
570,113,2026-03-07,member
571,6,2026-03-11,member
572,91,2026-01-24,member
573,61,2026-03-06,member
574,56,2026-03-10,member
575,1,2026-03-06,member
576,3,2026-02-06,admin
577,100,2026-02-01,member
578,34,2025-11-06,member
579,69,2025-11-30,member
580,103,2026-01-26,member
581,96,2026-01-09,member
582,65,2026-02-19,member
583,34,2025-11-05,member
584,27,2026-02-19,admin
585,36,2025-11-03,member
586,100,2026-02-21,viewer
587,17,2025-12-22,member
588,69,2025-11-24,member
589,97,2025-11-26,member
590,13,2025-12-13,member
591,17,2026-02-23,member
592,52,2025-11-22,member
593,107,2025-12-03,viewer
594,99,2026-02-16,member
595,90,2026-02-26,member
596,34,2026-02-16,admin
597,55,2025-12-05,member
598,51,2025-12-12,member
599,69,2025-12-11,member
600,65,2026-02-24,admin
601,83,2025-10-03,member
602,5,2026-02-11,member
603,87,2026-02-01,member
604,52,2025-12-21,member
605,10,2026-01-12,member
606,28,2025-12-31,member
607,27,2025-11-21,viewer
608,81,2026-02-18,member
609,14,2026-02-04,member
610,12,2025-12-20,member
611,73,2026-02-04,member
612,24,2026-02-28,member
613,57,2026-02-03,member
614,94,2026-02-15,viewer
615,110,2025-12-06,member
616,9,2026-02-03,member
617,110,2026-02-07,member
618,116,2026-03-11,member
619,49,2026-03-06,admin
620,110,2025-11-29,member
621,25,2026-02-18,member
622,28,2025-12-29,member
623,74,2026-02-26,member
624,29,2026-01-15,member
625,37,2025-12-26,member
626,84,2026-03-08,member
627,97,2026-02-12,member
628,95,2026-02-22,member
629,49,2026-01-04,member
630,37,2026-01-22,member
631,20,2026-02-17,member
632,51,2025-12-02,member
633,118,2026-02-09,member
634,66,2025-11-04,member
635,5,2026-02-20,member
636,36,2026-03-07,member
637,98,2026-02-21,member
638,98,2026-02-09,viewer
639,102,2026-02-27,member
640,92,2026-01-25,member
641,23,2026-01-25,viewer
642,43,2025-11-15,member
643,16,2026-03-12,member
644,35,2025-12-25,member
645,83,2026-02-11,viewer
646,94,2026-02-12,member
647,52,2025-12-18,member
648,107,2025-12-17,member
649,102,2026-02-17,member
650,40,2026-02-21,viewer
651,88,2025-10-15,member
652,10,2026-03-02,admin
653,41,2026-02-12,member
654,115,2026-01-25,member
655,114,2025-11-30,member
656,48,2025-10-21,member
657,118,2026-02-14,member
658,62,2026-01-08,member
659,28,2026-02-07,admin
660,23,2025-10-19,member
661,16,2025-12-30,admin
662,36,2025-12-16,member
663,44,2026-02-18,admin
664,52,2025-12-29,member
665,71,2026-02-28,admin
666,25,2026-02-17,member
667,90,2026-03-12,admin
668,93,2026-03-07,member
669,28,2025-11-19,member
670,54,2026-02-01,member
671,60,2026-01-23,member
672,28,2025-11-26,member
673,53,2025-12-28,member
674,40,2026-03-04,member
675,106,2026-01-20,member
676,56,2026-02-19,member
677,96,2026-02-01,member
678,59,2026-03-08,member
679,38,2026-01-03,viewer
680,12,2026-02-22,admin
681,24,2025-10-13,viewer
682,27,2025-11-17,member
683,107,2026-03-10,member
684,26,2026-02-04,viewer
685,15,2026-02-18,member
686,19,2026-01-28,member
687,15,2025-11-03,member
688,2,2026-02-23,viewer
689,8,2026-02-05,member
690,72,2026-03-04,member
691,66,2026-01-30,member
692,118,2026-01-31,viewer
693,22,2026-02-21,member
694,78,2025-11-17,member
695,42,2026-02-01,member
696,10,2025-12-08,member
697,30,2026-03-07,member
698,69,2025-12-25,member
699,2,2025-11-24,viewer
700,48,2025-10-10,member
701,31,2026-02-10,member
702,53,2026-02-09,member
703,83,2026-02-06,member
704,43,2026-02-15,member
705,85,2026-02-24,admin
706,72,2026-02-03,member
707,77,2026-02-02,admin
708,67,2025-10-23,member
709,66,2025-10-26,member
710,62,2025-11-24,member
711,95,2026-01-23,member
712,54,2026-02-24,member
713,82,2026-01-05,member
714,1,2026-02-03,member
715,72,2026-02-27,member
716,21,2026-02-08,admin
717,45,2026-01-05,admin
718,73,2025-12-12,member
719,68,2026-01-30,member
720,111,2026-02-20,viewer
721,81,2025-11-01,member
722,119,2025-11-15,member
723,105,2026-03-07,member
724,83,2025-12-11,member
725,100,2026-01-25,admin
726,86,2025-12-31,member
727,12,2026-01-06,member
728,44,2026-02-11,member
729,64,2026-02-26,admin
730,86,2026-01-10,member
731,96,2026-03-11,member
732,70,2026-03-11,viewer
733,33,2026-01-16,member
734,62,2026-01-20,member
735,108,2025-11-18,member
736,20,2025-11-06,admin
737,54,2026-03-05,member
738,15,2026-01-29,member
739,83,2025-12-25,member
740,94,2026-03-03,member
741,37,2026-03-09,viewer
742,50,2025-10-03,member
743,45,2025-12-08,admin
744,2,2025-11-10,member
745,1,2025-12-24,admin
746,68,2026-02-01,member
747,17,2026-02-14,member
748,11,2026-03-07,member
749,24,2026-01-25,viewer
750,84,2026-03-12,member
751,20,2025-12-02,member
752,13,2026-02-06,member
753,63,2026-01-05,member
754,118,2026-02-12,admin
755,87,2026-03-09,member
756,85,2025-10-23,member
757,117,2026-03-12,member
758,116,2026-03-09,member
759,59,2026-02-20,member
760,118,2026-02-14,member
761,94,2026-01-30,admin
762,28,2026-01-07,member
763,55,2025-12-13,member
764,72,2026-01-26,member
765,32,2026-02-07,member
766,97,2026-01-19,member
767,25,2026-02-26,member
768,79,2026-02-24,member
769,53,2026-01-06,member
770,91,2026-01-23,member
771,31,2026-02-10,member
772,45,2025-10-01,member
773,108,2026-02-13,viewer
774,110,2026-02-07,admin
775,94,2026-01-30,member
776,94,2026-02-11,member
777,71,2026-03-05,admin
778,84,2026-02-20,viewer
779,48,2025-11-01,viewer
780,88,2026-01-01,member
781,5,2026-02-05,member
782,67,2025-10-28,admin
783,88,2025-10-28,member
784,25,2026-03-06,member
785,42,2025-12-14,member
786,98,2026-02-27,member
787,55,2025-12-21,member
788,48,2026-02-24,member
789,30,2026-03-07,member
790,106,2026-01-27,member
791,7,2026-03-08,member
792,60,2026-02-13,member
793,24,2026-02-28,member
794,116,2026-03-06,member
795,45,2026-01-06,member
796,92,2026-02-21,member
797,18,2026-01-08,admin
798,98,2026-02-17,viewer
799,118,2026-02-14,member
800,111,2026-02-26,member
801,85,2025-12-20,member
802,8,2026-01-05,member
803,43,2025-10-28,member
804,8,2026-03-04,member
805,49,2026-01-21,member
806,120,2026-02-20,viewer
807,63,2026-01-21,member
808,17,2025-10-01,member
809,16,2025-12-27,member
810,26,2026-02-21,viewer
811,82,2026-01-07,member
812,88,2025-09-26,member
813,98,2026-03-01,member
814,119,2025-11-08,viewer
815,65,2026-02-25,member
816,45,2025-10-30,member
817,108,2025-12-11,member
818,63,2026-01-11,viewer
819,5,2026-03-10,member
820,109,2026-02-10,member
821,53,2026-01-18,viewer
822,17,2026-01-27,admin
823,44,2026-02-16,member
824,9,2026-01-18,member
825,95,2025-10-25,member
826,76,2026-01-15,member
827,5,2026-02-19,member
828,101,2025-10-31,member
829,118,2026-03-05,member
830,49,2026-02-02,member
831,120,2025-12-05,member
832,41,2025-12-10,member
833,5,2025-12-21,member
834,106,2026-01-28,member
835,75,2026-03-09,member
836,101,2026-02-12,member
837,103,2026-01-15,member
838,81,2026-01-07,member
839,41,2026-02-02,member
840,46,2026-02-10,member
841,97,2025-11-28,member
842,79,2026-02-21,member
843,51,2026-01-29,member
844,5,2026-01-28,member
845,44,2026-03-04,member
846,7,2026-02-11,member
847,56,2026-02-05,member
848,104,2026-02-24,admin
849,47,2025-10-03,member
850,118,2026-02-26,admin
851,79,2026-02-22,member
852,91,2025-12-21,member
853,24,2025-11-23,member
854,63,2025-11-23,member
855,91,2026-03-02,member
856,33,2025-12-24,member
857,84,2026-01-19,member
858,19,2026-02-06,viewer
859,53,2026-03-10,member
860,15,2025-12-05,member
861,112,2026-02-11,member
862,88,2025-10-21,member
863,80,2026-03-01,member
864,104,2026-01-23,member
865,14,2026-02-01,member
866,92,2025-11-22,member
867,98,2026-01-26,member
868,37,2026-02-15,member
869,88,2026-01-18,admin
870,68,2026-02-23,member
871,16,2026-02-28,viewer
872,12,2025-12-21,member
873,3,2025-12-30,viewer
874,35,2026-01-16,member
875,53,2026-03-12,member
876,10,2025-12-09,member
877,115,2026-02-21,member
878,35,2026-02-13,viewer
879,102,2026-01-20,member
880,30,2026-02-02,viewer
881,33,2025-12-01,member
882,107,2026-02-19,member
883,50,2026-01-26,member
884,32,2026-01-23,member
885,83,2025-10-12,member
886,50,2026-03-11,admin
887,114,2026-02-12,member
888,71,2026-02-27,member
889,20,2026-01-08,viewer
890,3,2025-11-22,member
891,30,2026-03-12,member
892,55,2026-02-10,member
893,11,2026-02-07,member
894,67,2025-11-07,member
895,39,2025-12-21,member
896,60,2026-01-28,member
897,44,2026-02-04,member
898,98,2026-01-30,member
899,32,2026-02-13,member
900,22,2026-02-18,member
901,114,2026-01-12,member
902,102,2026-02-01,admin
903,11,2026-03-08,member
904,40,2026-02-26,viewer
905,113,2026-03-11,member
906,55,2026-01-18,member
907,65,2026-02-20,member
908,109,2026-02-14,member
909,56,2026-02-09,member
910,120,2025-12-18,member
911,27,2025-11-25,member
912,31,2026-01-26,member
913,72,2026-01-17,member
914,107,2025-11-18,member
915,107,2026-03-06,member
916,105,2026-02-14,member
917,39,2026-02-16,member
918,5,2026-03-08,admin
919,38,2025-12-30,member
920,34,2025-10-18,member
921,73,2025-12-16,member
922,8,2026-02-24,member
923,113,2026-02-19,member
924,32,2026-01-24,admin
925,20,2025-11-14,member
926,8,2026-01-14,viewer
927,71,2026-02-04,member
928,46,2026-01-23,member
929,71,2026-02-24,viewer
930,24,2025-12-09,admin
931,94,2026-03-10,member
932,74,2025-10-14,viewer
933,102,2026-02-23,member
934,34,2026-01-16,member
935,23,2026-01-27,viewer
936,115,2026-01-25,member
937,80,2026-02-27,member
938,13,2026-02-25,viewer
939,21,2026-01-29,member
940,9,2025-12-28,member
941,74,2026-01-22,member
942,85,2026-01-22,member
943,48,2026-01-14,viewer
944,25,2026-02-15,member
945,71,2026-03-06,member
946,7,2026-01-18,member
947,105,2025-10-29,member
948,103,2026-03-10,member
949,67,2025-11-17,admin
950,94,2026-01-31,member
951,112,2026-02-27,member
952,67,2025-12-05,viewer
953,61,2026-02-28,member
954,37,2025-12-22,member
955,12,2026-02-18,member
956,47,2026-01-20,member
957,28,2025-11-21,admin
958,70,2026-02-21,member
959,116,2026-02-11,admin
960,118,2026-02-25,member
961,46,2026-02-05,member
962,50,2025-11-14,member
963,36,2025-12-09,member
964,90,2026-03-09,member
965,49,2026-02-15,member
966,3,2026-02-08,viewer
967,24,2026-01-05,member
968,20,2025-11-07,member
969,94,2026-02-17,member
970,4,2026-02-01,member
971,73,2026-02-15,member
972,41,2026-01-15,member
973,44,2026-01-23,member
974,64,2026-02-27,viewer
975,23,2026-01-16,member
976,13,2025-12-31,member
977,51,2026-01-10,member
978,107,2025-12-12,admin
979,25,2026-03-11,member
980,38,2026-02-09,member
981,17,2025-11-04,member
982,106,2026-03-03,member
983,58,2026-03-02,member
984,119,2026-01-02,member
985,10,2026-02-23,member
986,28,2026-01-23,member
987,44,2026-02-14,member
988,104,2026-02-27,member
989,102,2026-03-09,member
990,91,2026-01-10,member
991,94,2026-02-20,member
992,50,2025-11-08,member
993,12,2026-02-12,member
994,23,2025-10-29,member
995,26,2026-02-14,member
996,80,2026-02-23,member
997,105,2026-01-13,admin
998,90,2026-02-19,member
999,73,2026-01-02,viewer
1000,16,2026-01-29,viewer
1001,86,2026-01-16,viewer
1002,114,2026-01-28,member
1003,58,2026-03-10,member
1004,33,2025-12-21,member
1005,55,2026-01-01,member
1006,47,2026-01-05,member
1007,16,2026-01-31,admin
1008,4,2026-03-07,member
1009,61,2026-01-28,member
1010,4,2026-02-22,member
1011,83,2025-12-25,member
1012,97,2025-12-20,member
1013,63,2026-02-01,member
1014,30,2026-02-27,member
1015,104,2026-02-13,member
1016,44,2026-02-28,member
1017,120,2026-02-27,admin
1018,44,2026-03-02,viewer
1019,60,2026-02-09,member
1020,7,2026-03-08,admin
1021,120,2026-02-17,viewer
1022,3,2025-11-05,member
1023,22,2026-02-15,member
1024,53,2025-12-24,member
1025,59,2025-10-22,member
1026,96,2026-03-09,member
1027,45,2026-01-22,viewer
1028,53,2026-02-02,member
1029,26,2026-02-06,member
1030,116,2026-02-09,member
1031,18,2025-12-28,member
1032,42,2026-02-18,viewer
1033,80,2026-02-05,member
1034,89,2026-03-07,member
1035,40,2026-03-01,member
1036,27,2026-02-23,member
1037,86,2026-03-04,member
1038,106,2026-03-06,member
1039,70,2026-02-17,member
1040,49,2026-02-15,admin
1041,40,2026-02-12,member
1042,67,2025-11-21,member
1043,17,2026-01-13,member
1044,109,2025-12-27,member
1045,60,2026-02-22,member
1046,118,2026-01-30,member
1047,65,2026-02-09,member
1048,27,2026-01-13,member
1049,16,2026-01-13,member
1050,92,2025-11-25,member
1051,14,2026-03-01,member
1052,75,2026-02-15,member
1053,29,2025-12-19,member
1054,106,2026-01-23,member
1055,13,2026-02-13,member
1056,94,2026-01-30,member
1057,66,2026-03-01,member
1058,37,2026-02-23,admin
1059,12,2026-02-17,member
1060,81,2025-11-06,member
1061,15,2026-01-17,viewer
1062,91,2026-03-08,admin
1063,112,2026-02-04,member
1064,11,2026-02-27,member
1065,92,2026-03-10,viewer
1066,57,2026-01-20,member
1067,54,2026-02-03,member
1068,113,2026-02-28,admin
1069,114,2025-12-21,member
1070,78,2026-02-27,member
1071,88,2025-11-04,viewer
1072,39,2025-12-14,member
1073,66,2025-12-20,member
1074,95,2025-12-31,member
1075,7,2026-02-07,admin
1076,30,2026-02-09,member
1077,24,2025-12-29,admin
1078,37,2026-01-22,member
1079,77,2026-01-18,member
1080,68,2026-01-14,admin
1081,23,2026-01-06,member
1082,22,2026-02-11,member
1083,67,2026-01-05,member
1084,47,2025-12-15,member
1085,32,2026-01-28,admin
1086,38,2026-01-28,member
1087,68,2026-01-25,member
1088,78,2026-02-05,admin
1089,105,2025-11-08,member
1090,17,2026-01-18,member
1091,108,2025-12-12,member
1092,83,2025-09-24,member
1093,22,2026-03-09,member
1094,42,2026-01-16,member
1095,20,2025-11-27,viewer
1096,4,2026-01-29,member
1097,49,2026-03-08,member
1098,105,2025-11-22,member
1099,43,2025-10-21,member
1100,81,2025-11-10,member
1101,83,2025-11-19,member
1102,37,2026-02-17,member
1103,10,2026-03-09,member
1104,55,2025-12-14,member
1105,21,2026-02-23,viewer
1106,58,2026-01-31,admin
1107,95,2026-02-17,member
1108,110,2026-02-20,member
1109,81,2025-10-14,member
1110,109,2026-03-03,member
1111,110,2026-01-30,member
1112,17,2026-02-06,admin
1113,79,2026-03-08,member
1114,53,2026-01-11,member
1115,105,2025-11-02,member
1116,89,2026-02-16,member
1117,85,2026-01-26,member
1118,1,2026-02-28,member
1119,103,2026-02-19,member
1120,88,2025-09-30,member
1121,107,2025-11-10,member
1122,60,2026-02-02,admin
1123,92,2025-10-19,member
1124,69,2026-01-11,viewer
1125,31,2026-02-21,viewer
1126,38,2025-12-07,member
1127,29,2026-02-23,member
1128,9,2026-02-16,viewer
1129,102,2026-02-13,member
1130,19,2026-02-12,member
1131,113,2026-02-15,viewer
1132,58,2026-02-04,member
1133,68,2026-01-25,member
1134,16,2025-12-16,member
1135,3,2026-01-31,admin
1136,61,2026-01-17,viewer
1137,104,2026-02-01,member
1138,93,2026-02-17,member
1139,43,2025-12-27,member
1140,102,2026-03-09,member
1141,50,2025-12-11,member
1142,119,2025-12-14,member
1143,44,2026-02-19,member
1144,86,2026-02-21,admin
1145,48,2025-11-08,member
1146,105,2026-01-29,member
1147,66,2026-01-07,admin
1148,61,2026-03-01,member
1149,93,2026-03-02,member
1150,57,2026-03-01,member
1151,118,2026-03-04,member
1152,5,2026-01-31,member
1153,16,2026-01-24,member
1154,11,2026-01-31,member
1155,86,2026-01-12,member
1156,106,2026-02-23,member
1157,22,2026-02-13,member
1158,46,2026-01-22,member
1159,74,2026-02-16,member
1160,103,2026-02-14,member
1161,94,2026-02-12,member
1162,34,2025-11-27,member
1163,67,2025-10-09,admin
1164,14,2026-02-11,member
1165,9,2026-02-26,member
1166,73,2026-02-03,member
1167,95,2026-01-01,member
1168,39,2025-11-26,member
1169,55,2026-01-30,member
1170,49,2026-02-13,member
1171,66,2025-10-23,member
1172,113,2026-03-09,member
1173,23,2025-10-26,member
1174,45,2025-11-18,member
1175,50,2026-01-19,member
1176,57,2026-03-04,member
1177,75,2026-02-05,member
1178,44,2026-01-19,member
1179,32,2026-02-18,member
1180,88,2025-11-23,member
1181,27,2025-12-07,member
1182,18,2026-01-22,member
1183,75,2026-02-16,viewer
1184,75,2026-02-22,member
1185,22,2026-02-28,member
1186,61,2026-02-04,member
1187,76,2026-02-28,member
1188,27,2025-12-26,member
1189,36,2026-01-22,member
1190,97,2025-12-14,viewer
1191,66,2026-01-09,viewer
1192,101,2026-03-05,admin
1193,74,2025-11-22,member
1194,86,2026-02-17,member
1195,39,2026-02-11,member
1196,93,2026-03-01,member
1197,77,2025-12-26,admin
1198,39,2026-02-05,member
1199,61,2026-01-25,member
1200,115,2026-02-02,admin
1201,98,2026-02-03,member
1202,119,2025-10-25,viewer
1203,92,2025-10-08,viewer
1204,15,2026-03-10,member
1205,38,2026-02-10,member
1206,75,2026-03-12,member
1207,99,2025-12-03,member
1208,116,2026-02-15,viewer
1209,75,2026-02-20,admin
1210,98,2026-02-02,viewer
1211,6,2026-02-19,viewer
1212,88,2025-12-03,member
1213,49,2026-01-15,admin
1214,4,2026-02-01,member
1215,1,2026-02-07,member
1216,85,2025-10-21,member
1217,80,2026-02-03,member
1218,120,2026-01-13,member
1219,93,2026-02-15,member
1220,86,2025-12-27,member
1221,70,2026-02-11,member
1222,51,2026-02-15,viewer
1223,11,2026-03-12,member
1224,46,2026-02-21,member
1225,120,2025-12-04,member
1226,34,2026-02-14,member
1227,57,2026-01-22,member
1228,58,2026-02-28,member
1229,12,2025-12-24,member
1230,22,2026-03-07,viewer
1231,21,2026-01-17,member
1232,108,2026-02-01,member
1233,100,2026-03-02,member
1234,26,2026-02-25,member
1235,18,2026-01-07,member
1236,64,2026-01-06,member
1237,23,2025-10-13,member
1238,78,2025-10-29,member
1239,60,2026-03-06,viewer
1240,68,2026-01-02,viewer
1241,69,2025-12-31,member
1242,5,2026-02-15,admin
1243,46,2026-02-20,viewer
1244,50,2026-01-01,member
1245,115,2026-03-03,member
1246,85,2025-10-23,member
1247,101,2025-12-06,member
1248,82,2026-02-16,member
1249,59,2025-12-26,member
1250,110,2026-01-12,member
1251,20,2026-02-06,member
1252,16,2026-02-27,member
1253,17,2026-01-03,admin
1254,117,2026-01-24,member
1255,58,2026-02-26,member
1256,2,2025-12-14,viewer
1257,56,2026-02-25,member
1258,80,2026-03-02,member
1259,9,2026-02-19,member
1260,48,2025-10-04,member
1261,84,2026-02-19,member
1262,111,2025-11-06,member
1263,8,2026-03-10,admin
1264,60,2026-02-02,admin
1265,5,2026-03-02,member
1266,64,2025-12-25,member
1267,108,2026-01-15,member
1268,113,2026-03-02,member
1269,98,2026-01-19,member
1270,100,2026-01-31,admin
1271,96,2026-03-09,member
1272,10,2026-01-07,member
1273,17,2026-03-05,member
1274,21,2026-03-04,member
1275,68,2026-03-12,member
1276,95,2026-03-07,member
1277,102,2026-02-09,member
1278,34,2025-10-23,member
1279,20,2025-12-06,member
1280,19,2026-01-14,admin
1281,50,2026-01-22,member
1282,16,2025-12-16,member
1283,102,2026-03-07,member
1284,89,2025-12-17,viewer
1285,45,2025-12-10,member
1286,27,2026-01-26,member
1287,97,2026-01-19,viewer
1288,64,2026-02-26,member
1289,79,2026-03-10,member
1290,41,2026-01-04,member
1291,58,2026-02-07,member
1292,31,2026-01-02,member
1293,114,2026-02-27,admin
1294,15,2026-01-12,member
1295,31,2026-01-17,admin
1296,75,2026-02-21,member
1297,96,2026-02-26,member
1298,77,2025-12-15,member
1299,117,2026-02-23,member
1300,9,2026-01-21,member
1301,97,2025-11-27,member
1302,47,2025-12-18,member
1303,19,2026-03-10,member
1304,91,2026-01-24,viewer
1305,22,2026-02-13,member
1306,54,2026-02-05,member
1307,112,2026-01-30,member
1308,65,2026-02-15,member
1309,77,2026-01-21,admin
1310,46,2026-01-30,viewer
1311,100,2026-01-27,viewer
1312,11,2026-01-29,admin
1313,120,2025-12-04,member
1314,14,2026-03-03,viewer
1315,61,2026-03-05,member
1316,17,2025-11-17,admin
1317,70,2026-01-26,member
1318,87,2026-02-18,member
1319,15,2025-12-30,viewer
1320,110,2026-02-27,member
1321,116,2026-02-19,member
1322,85,2026-01-13,member
1323,22,2026-02-11,admin
1324,2,2025-12-25,member
1325,109,2025-12-30,member
1326,49,2026-01-20,member
1327,16,2026-01-06,viewer
1328,18,2026-02-06,member
1329,14,2026-02-17,member
1330,116,2026-03-08,viewer
1331,8,2026-02-01,member
1332,48,2025-12-31,member
1333,53,2025-12-16,member
1334,87,2026-02-07,member
1335,40,2025-12-29,member
1336,89,2025-11-12,member
1337,117,2026-01-22,viewer
1338,44,2026-02-28,admin
1339,11,2026-02-09,member
1340,89,2026-02-25,member
1341,31,2026-02-04,member
1342,98,2026-03-04,member
1343,17,2025-10-09,admin
1344,80,2026-02-13,member
1345,5,2026-02-17,member
1346,88,2025-11-01,member
1347,92,2026-01-05,member
1348,9,2026-01-22,admin
1349,6,2026-02-16,member
1350,16,2025-12-29,member
1351,97,2026-01-19,viewer
1352,70,2026-03-07,member
1353,59,2025-10-16,viewer
1354,13,2025-12-24,member
1355,34,2025-10-31,member
1356,10,2025-11-27,viewer
1357,22,2026-03-02,member
1358,76,2026-02-05,member
1359,48,2025-10-14,member
1360,120,2025-12-29,member
1361,29,2026-02-27,admin
1362,24,2026-01-17,admin
1363,84,2026-03-09,admin
1364,18,2026-02-07,admin
1365,64,2026-02-06,viewer
1366,98,2026-02-08,admin
1367,69,2025-12-21,member
1368,113,2026-02-13,member
1369,9,2026-01-22,viewer
1370,48,2025-11-22,admin
1371,108,2026-01-19,member
1372,120,2025-12-14,member
1373,10,2026-01-26,member
1374,66,2026-02-14,member
1375,113,2026-02-13,admin
1376,71,2026-03-02,member
1377,113,2026-02-14,member
1378,24,2026-02-15,member
1379,72,2026-02-16,member
1380,97,2025-12-12,member
1381,37,2025-11-10,member
1382,2,2025-10-22,member
1383,55,2026-01-05,member
1384,109,2026-01-17,member
1385,17,2025-11-13,member
1386,28,2025-12-07,admin
1387,74,2026-02-02,member
1388,85,2025-11-12,member
1389,44,2026-02-10,member
1390,114,2025-11-03,member
1391,14,2026-03-03,member
1392,60,2026-02-18,member
1393,20,2026-01-08,member
1394,58,2026-03-12,member
1395,40,2026-02-10,viewer
1396,36,2025-12-13,member
1397,68,2026-02-07,member
1398,60,2026-02-23,member
1399,112,2026-03-02,viewer
1400,14,2026-01-26,member
1401,58,2026-02-24,member
1402,80,2026-02-03,member
1403,61,2026-01-01,member
1404,24,2026-03-10,member
1405,12,2026-01-18,viewer
1406,77,2026-01-08,member
1407,70,2026-01-15,member
1408,23,2026-01-22,member
1409,49,2026-01-07,member
1410,89,2025-11-28,member
1411,90,2026-03-08,member
1412,65,2026-02-08,member
1413,10,2025-12-14,member
1414,93,2026-02-11,member
1415,17,2026-01-15,member
1416,52,2026-01-07,admin
1417,39,2026-01-22,member
1418,113,2026-03-03,member
1419,78,2025-12-31,member
1420,120,2026-03-05,member
1421,51,2025-10-17,member
1422,119,2025-10-30,member
1423,93,2026-02-13,member
1424,94,2026-02-14,member
1425,70,2026-02-02,member
1426,27,2025-12-15,admin
1427,94,2026-02-25,member
1428,107,2026-01-29,member
1429,70,2026-01-29,admin
1430,10,2025-11-26,member
1431,50,2026-01-10,member
1432,108,2026-01-25,member
1433,106,2026-02-02,member
1434,119,2026-01-15,member
1435,114,2025-12-03,member
1436,61,2026-01-12,member
1437,70,2026-02-02,member
1438,73,2025-12-12,admin
1439,36,2026-02-21,member
1440,78,2025-11-10,member
1441,35,2026-01-30,member
1442,52,2025-12-12,member
1443,21,2026-02-27,viewer
1444,104,2026-02-06,member
1445,17,2026-01-20,admin
1446,98,2026-02-20,member
1447,69,2026-01-22,member
1448,110,2026-02-22,admin
1449,38,2026-03-08,member
1450,117,2026-02-16,member
1451,20,2025-11-20,member
1452,71,2026-01-08,member
1453,59,2026-01-04,admin
1454,49,2026-02-28,admin
1455,52,2025-12-13,member
1456,14,2026-02-16,viewer
1457,90,2026-02-10,member
1458,106,2026-03-12,admin
1459,50,2025-12-07,admin
1460,28,2025-12-19,member
1461,17,2025-09-17,viewer
1462,81,2026-01-12,member
1463,86,2026-03-09,member
1464,68,2026-02-05,member
1465,68,2026-01-09,member
1466,65,2026-02-09,member
1467,35,2025-11-07,admin
1468,8,2026-01-19,member
1469,114,2025-12-09,member
1470,51,2026-01-23,member
1471,84,2026-03-01,member
1472,109,2025-12-25,member
1473,40,2025-12-31,viewer
1474,117,2026-01-11,member
1475,14,2026-02-09,member
1476,23,2025-12-09,admin
1477,28,2025-12-17,viewer
1478,5,2026-01-21,member
1479,71,2026-02-01,member
1480,57,2026-01-22,member
1481,36,2026-02-02,member
1482,69,2025-12-30,viewer
1483,83,2026-02-03,member
1484,67,2026-01-11,member
1485,25,2026-03-07,admin
1486,55,2026-01-12,member
1487,91,2026-02-06,member
1488,56,2026-02-01,member
1489,45,2026-01-07,viewer
1490,16,2026-02-04,admin
1491,105,2025-12-26,member
1492,18,2026-02-06,member
1493,69,2026-03-03,member
1494,5,2026-01-16,member
1495,72,2026-01-31,member
1496,54,2026-01-31,member
1497,85,2025-12-14,admin
1498,93,2026-03-11,member
1499,46,2026-02-18,viewer
1500,88,2025-09-25,member
1501,106,2026-02-27,viewer
1502,43,2026-01-08,member
1503,87,2026-01-24,member
1504,103,2026-02-04,member
1505,74,2026-01-23,member
1506,22,2026-02-09,member
1507,11,2026-02-10,member
1508,33,2026-01-07,member
1509,107,2026-01-28,member
1510,7,2026-02-14,member
1511,58,2026-03-04,member
1512,18,2026-03-09,member
1513,70,2026-02-22,member
1514,21,2026-02-27,admin
1515,12,2026-02-26,member
1516,79,2026-02-24,member
1517,4,2026-02-17,member
1518,42,2026-01-13,member
1519,87,2026-01-15,viewer
1520,80,2026-02-10,member
1521,26,2026-02-02,member
1522,119,2025-12-16,member
1523,120,2026-01-28,member
1524,119,2026-01-02,member
1525,17,2025-10-28,member
1526,66,2026-02-27,member
1527,4,2026-02-12,member
1528,103,2026-01-17,member
1529,11,2026-03-11,member
1530,33,2025-11-22,member
1531,25,2026-03-01,member
1532,116,2026-02-10,member
1533,116,2026-02-28,member
1534,59,2025-12-17,member
1535,23,2025-10-19,member
1536,116,2026-03-11,viewer
1537,69,2025-12-11,viewer
1538,3,2025-11-19,member
1539,63,2026-01-11,admin
1540,43,2025-11-05,member
1541,9,2026-01-27,member
1542,63,2026-02-15,member
1543,98,2026-02-14,member
1544,16,2026-01-25,viewer
1545,78,2025-11-03,member
1546,28,2026-02-24,member
1547,118,2026-02-10,member
1548,8,2026-03-10,member
1549,81,2026-02-21,member
1550,14,2026-02-09,admin
1551,83,2026-01-17,member
1552,23,2026-01-08,member
1553,87,2026-02-07,member
1554,69,2026-01-17,admin
1555,3,2025-09-25,admin
1556,86,2026-01-11,member
1557,72,2026-01-23,member
1558,117,2026-01-27,member
1559,33,2026-01-11,member
1560,109,2026-02-28,member
1561,104,2026-01-29,admin
1562,105,2025-10-01,viewer
1563,23,2026-02-08,member
1564,11,2026-02-03,member
1565,44,2026-02-05,member
1566,58,2026-03-09,viewer
1567,111,2026-01-10,member
1568,53,2025-12-28,member
1569,6,2026-02-03,member
1570,65,2026-02-16,member
1571,3,2025-11-04,member
1572,63,2025-12-28,admin
1573,18,2026-01-13,member
1574,102,2026-03-03,member
1575,16,2026-02-19,member
1576,32,2026-01-29,admin
1577,119,2025-11-19,member
1578,93,2026-02-09,member
1579,63,2026-01-12,member
1580,33,2025-11-22,member
1581,51,2025-11-18,admin
1582,69,2026-01-11,member
1583,37,2026-01-18,member
1584,80,2026-02-23,member
1585,14,2026-02-10,admin
1586,26,2026-02-23,member
1587,38,2025-12-10,member
1588,38,2026-01-25,member
1589,3,2025-10-01,viewer
1590,47,2025-12-27,member
1591,16,2025-12-22,member
1592,117,2026-01-21,member
1593,23,2026-02-07,member
1594,65,2026-02-11,member
1595,61,2026-01-13,member
1596,97,2026-02-16,member
1597,99,2025-12-04,viewer
1598,79,2026-02-09,member
1599,34,2026-01-14,member
1600,9,2026-03-10,member
1601,76,2026-01-07,member
1602,23,2025-12-26,member
1603,55,2026-01-15,member
1604,38,2025-12-20,member
1605,107,2026-03-03,member
1606,21,2026-03-04,member
1607,120,2025-12-31,member
1608,42,2026-01-16,member
1609,76,2026-03-08,member
1610,19,2026-02-07,member
1611,54,2026-03-03,member
1612,98,2026-02-23,member
1613,35,2025-12-26,member
1614,55,2026-02-21,member
1615,62,2025-11-04,admin
1616,80,2026-01-27,member
1617,76,2026-02-18,member
1618,24,2025-10-03,member
1619,58,2026-02-21,member
1620,93,2026-02-15,member
1621,101,2026-01-15,admin
1622,26,2026-02-03,member
1623,45,2026-01-26,member
1624,106,2026-01-21,member
1625,87,2026-02-12,member
1626,28,2025-12-20,member
1627,83,2025-11-01,member
1628,117,2026-03-06,member
1629,51,2026-02-02,member
1630,37,2026-03-03,member
1631,86,2025-12-26,admin
1632,63,2026-02-27,member
1633,88,2025-10-27,member
1634,48,2026-02-26,member
1635,45,2026-02-04,member
1636,25,2026-02-05,member
1637,107,2025-11-17,member
1638,89,2025-12-29,member
1639,20,2025-11-13,member
1640,42,2026-01-23,member
1641,53,2025-12-08,admin
1642,107,2026-02-21,member
1643,106,2026-02-19,member
1644,28,2025-11-28,member
1645,15,2026-02-26,member
1646,85,2025-12-26,member
1647,87,2026-01-23,viewer
1648,15,2026-03-02,member
1649,45,2025-12-27,admin
1650,84,2026-02-27,member
1651,66,2025-11-18,admin
1652,58,2026-02-28,member
1653,4,2026-02-20,member
1654,42,2026-02-25,viewer
1655,57,2025-12-30,member
1656,47,2026-03-02,member
1657,57,2026-02-05,member
1658,72,2026-01-16,viewer
1659,64,2025-12-19,member
1660,117,2026-01-17,member
1661,119,2025-10-31,member
1662,44,2026-02-27,member
1663,92,2026-01-25,member
1664,24,2026-01-01,viewer
1665,29,2026-02-02,viewer
1666,47,2026-01-29,admin
1667,65,2026-02-25,admin
1668,28,2026-01-07,admin
1669,83,2026-01-13,member
1670,71,2026-02-25,member
1671,6,2026-02-24,admin
1672,106,2026-03-08,member
1673,15,2026-03-05,member
1674,112,2026-02-05,member
1675,62,2026-02-17,member
1676,105,2025-12-17,viewer
1677,4,2026-03-02,viewer
1678,20,2025-11-07,member
1679,9,2026-01-13,member
1680,101,2026-01-08,member
1681,109,2025-12-10,member
1682,43,2025-09-29,viewer
1683,73,2026-02-23,member
1684,57,2026-03-12,viewer
1685,98,2026-02-12,viewer
1686,72,2026-01-12,member
1687,37,2025-10-30,member
1688,1,2026-02-04,member
1689,16,2026-01-27,viewer
1690,15,2026-01-31,member
1691,82,2026-03-12,admin
1692,80,2026-02-16,member
1693,53,2025-12-03,viewer
1694,30,2026-01-25,member
1695,82,2025-12-31,member
1696,118,2026-03-07,member
1697,86,2026-02-02,member
1698,105,2025-11-05,member
1699,23,2025-11-19,viewer
1700,52,2026-01-10,member
1701,94,2026-03-04,member
1702,100,2026-02-25,member
1703,62,2025-12-10,member
1704,66,2025-11-10,member
1705,95,2025-10-13,member
1706,58,2026-01-30,member
1707,87,2026-01-10,member
1708,86,2026-02-12,member
1709,5,2026-02-12,member
1710,25,2026-02-21,member
1711,112,2026-01-31,member
1712,46,2026-02-02,member
1713,16,2026-03-11,member
1714,104,2026-03-09,member
1715,18,2026-02-27,member
1716,72,2026-01-11,member
1717,9,2026-02-05,admin
1718,108,2026-01-02,viewer
1719,118,2026-02-25,admin
1720,65,2026-03-12,member
1721,92,2025-11-27,member
1722,4,2026-01-25,member
1723,46,2026-02-16,member
1724,70,2026-02-01,member
1725,89,2025-12-11,member
1726,96,2026-02-04,member
1727,61,2026-01-31,member
1728,2,2026-01-23,member
1729,1,2026-03-07,member
1730,32,2026-02-01,member
1731,78,2026-03-06,admin
1732,111,2026-01-18,member
1733,18,2026-02-07,viewer
1734,96,2026-02-16,member
1735,32,2026-01-12,viewer
1736,25,2026-02-05,member
1737,65,2026-02-23,member
1738,90,2026-03-12,member
1739,97,2026-02-22,member
1740,70,2026-02-18,admin
1741,88,2026-02-01,admin
1742,70,2026-01-28,admin
1743,92,2026-03-08,viewer
1744,114,2025-12-23,member
1745,7,2026-03-10,member
1746,42,2026-01-14,admin
1747,32,2026-02-21,admin
1748,36,2026-01-09,viewer
1749,23,2026-02-05,member
1750,27,2026-01-04,member
1751,85,2025-11-04,admin
1752,23,2025-12-30,member
1753,80,2026-01-27,viewer
1754,23,2025-11-12,viewer
1755,71,2026-01-19,member
1756,42,2026-01-23,member
1757,70,2026-03-01,member
1758,12,2026-02-28,member
1759,5,2025-12-25,member
1760,26,2026-03-03,member
1761,33,2026-01-31,admin
1762,82,2026-02-11,member
1763,72,2026-01-22,member
1764,71,2026-01-11,member
1765,46,2026-01-27,member
1766,38,2026-03-04,member
1767,106,2026-02-27,member
1768,92,2025-10-09,member
1769,104,2026-02-15,member
1770,116,2026-02-09,viewer
1771,24,2026-01-26,viewer
1772,69,2026-01-28,viewer
1773,29,2026-03-01,member
1774,95,2025-10-23,member
1775,87,2026-01-17,member
1776,110,2026-02-21,member
1777,4,2026-02-25,admin
1778,104,2026-01-24,member
1779,36,2025-12-08,member
1780,27,2025-12-13,member
1781,105,2026-02-03,viewer
1782,41,2025-12-25,member
1783,11,2026-02-01,member
1784,78,2026-03-12,member
1785,57,2026-01-16,member
1786,43,2026-01-16,member
1787,100,2026-03-03,member
1788,51,2026-03-04,viewer
1789,76,2026-01-09,member
1790,45,2026-02-05,member
1791,102,2026-03-12,member
1792,30,2026-01-28,member
1793,102,2026-03-04,admin
1794,119,2026-02-06,member
1795,23,2025-10-31,member
1796,63,2026-01-15,member
1797,31,2026-01-30,member
1798,118,2026-02-28,member
1799,14,2026-01-30,viewer
1800,47,2026-01-28,member
1801,77,2026-03-01,member
1802,55,2025-12-11,viewer
1803,90,2026-02-17,member
1804,28,2026-02-20,member
1805,14,2026-02-06,member
1806,64,2026-01-14,member
1807,31,2026-02-17,member
1808,58,2026-03-03,member
1809,45,2026-02-26,member
1810,105,2025-10-19,member
1811,16,2026-02-28,member
1812,16,2026-01-29,member
1813,29,2026-01-29,member
1814,77,2026-01-16,member
1815,85,2025-12-05,member
1816,54,2026-02-07,admin
1817,3,2025-11-25,member
1818,62,2025-11-17,viewer
1819,37,2025-12-30,member
1820,30,2026-02-14,member
1821,66,2026-01-21,viewer
1822,32,2026-02-12,member
1823,64,2026-03-10,member
1824,99,2025-12-01,member
1825,84,2026-01-23,member
1826,70,2026-02-23,admin
1827,30,2026-03-03,member
1828,79,2026-02-20,member
1829,61,2026-01-31,member
1830,96,2026-02-01,member
1831,112,2026-02-26,member
1832,35,2026-03-09,member
1833,111,2026-01-30,member
1834,25,2026-02-25,member
1835,2,2026-01-05,viewer
1836,97,2026-02-25,admin
1837,60,2026-03-11,member
1838,26,2026-03-07,member
1839,40,2026-02-25,member
1840,109,2025-11-29,admin
1841,39,2026-01-19,member
1842,68,2026-02-25,member
1843,46,2026-02-27,member
1844,48,2025-11-25,member
1845,27,2025-12-20,admin
1846,62,2025-11-24,member
1847,57,2026-03-12,admin
1848,91,2026-01-15,admin
1849,77,2026-03-08,admin
1850,20,2025-10-25,member
1851,68,2026-03-10,member
1852,88,2026-02-26,member
1853,118,2026-02-12,member
1854,36,2026-01-15,member
1855,82,2026-01-28,member
1856,64,2026-02-17,member
1857,75,2026-02-03,member
1858,116,2026-02-13,member
1859,10,2025-12-29,member
1860,113,2026-02-18,member
1861,41,2026-01-01,member
1862,68,2026-02-07,admin
1863,26,2026-02-15,admin
1864,78,2026-01-09,member
1865,64,2026-03-01,viewer
1866,108,2025-12-25,member
1867,115,2025-12-27,member
1868,61,2026-02-24,member
1869,57,2026-02-08,member
1870,97,2026-01-26,member
1871,94,2026-02-24,member
1872,54,2026-03-01,member
1873,113,2026-02-20,member
1874,110,2025-12-12,member
1875,87,2026-02-02,member
1876,30,2026-02-16,member
1877,3,2025-12-14,member
1878,115,2026-01-09,member
1879,30,2026-02-07,member
1880,1,2026-02-11,admin
1881,117,2026-02-22,member
1882,35,2025-11-20,member
1883,27,2026-01-16,member
1884,47,2025-11-14,member
1885,23,2025-12-28,member
1886,95,2025-10-26,member
1887,68,2026-03-01,member
1888,45,2026-02-15,member
1889,72,2026-03-05,member
1890,78,2025-11-27,member
1891,28,2026-03-08,member
1892,19,2026-02-25,admin
1893,103,2026-03-04,member
1894,95,2025-12-05,member
1895,37,2025-11-19,admin
1896,27,2026-01-20,member
1897,47,2025-10-12,member
1898,23,2025-10-15,member
1899,88,2025-10-11,member
1900,49,2026-01-13,member
1901,38,2025-12-27,member
1902,98,2026-03-11,member
1903,116,2026-03-09,member
1904,73,2026-02-17,admin
1905,66,2026-02-02,member
1906,51,2026-01-29,member
1907,73,2026-02-11,member
1908,4,2026-01-26,member
1909,82,2026-01-23,member
1910,105,2025-10-29,member
1911,114,2025-11-13,member
1912,106,2026-03-03,admin
1913,23,2026-02-19,member
1914,67,2025-11-05,member
1915,1,2025-12-21,member
1916,46,2026-02-18,member
1917,89,2025-12-04,member
1918,57,2026-01-29,member
1919,23,2025-10-22,member
1920,74,2025-12-20,viewer
1921,36,2026-01-21,member
1922,1,2026-02-24,admin
1923,55,2026-03-11,member
1924,5,2026-01-28,member
1925,70,2026-02-14,member
1926,50,2025-12-29,viewer
1927,51,2026-01-13,admin
1928,58,2026-02-08,member
1929,87,2026-01-24,member
1930,23,2025-11-15,member
1931,62,2025-12-25,member
1932,62,2026-03-12,member
1933,84,2026-01-16,member
1934,97,2026-01-08,admin
1935,92,2026-01-11,member
1936,70,2026-03-04,member
1937,111,2025-11-23,member
1938,106,2026-01-31,admin
1939,5,2026-02-24,member
1940,52,2025-12-30,member
1941,36,2026-01-09,member
1942,6,2026-03-03,member
1943,49,2026-02-16,viewer
1944,29,2025-12-20,member
1945,107,2026-01-20,member
1946,5,2026-01-26,member
1947,7,2026-01-20,member
1948,106,2026-02-28,viewer
1949,39,2026-03-03,member
1950,7,2026-03-01,member
1951,66,2026-03-04,member
1952,57,2026-01-19,member
1953,89,2026-01-09,member
1954,104,2026-02-20,member
1955,83,2026-02-07,member
1956,13,2026-01-14,member
1957,49,2026-02-22,member
1958,103,2026-01-20,member
1959,106,2026-03-08,member
1960,70,2026-02-14,member
1961,86,2026-03-06,member
1962,104,2026-02-08,viewer
1963,48,2025-11-25,member
1964,83,2026-03-12,member
1965,25,2026-03-01,member
1966,29,2026-02-20,member
1967,3,2026-01-26,member
1968,107,2025-12-14,viewer
1969,106,2026-01-30,member
1970,81,2026-03-09,admin
1971,84,2026-02-20,admin
1972,70,2026-01-20,member
1973,18,2025-12-24,member
1974,3,2026-03-06,admin
1975,106,2026-02-25,member
1976,24,2026-01-02,member
1977,29,2025-12-24,member
1978,7,2026-03-03,member
1979,36,2025-11-12,member
1980,32,2026-02-15,member
1981,119,2026-02-16,admin
1982,9,2026-03-05,member
1983,33,2026-02-03,member
1984,108,2026-03-03,member
1985,81,2025-12-11,viewer
1986,63,2026-03-05,member
1987,43,2025-11-25,member
1988,118,2026-02-10,admin
1989,21,2026-01-10,admin
1990,47,2025-12-02,viewer
1991,66,2025-12-27,member
1992,82,2026-02-18,member
1993,77,2026-01-28,admin
1994,22,2026-02-21,member
1995,54,2026-02-08,viewer
1996,96,2026-03-11,member
1997,37,2025-11-15,member
1998,83,2025-11-20,member
1999,103,2026-02-02,viewer
2000,72,2026-02-20,admin
2001,3,2026-02-21,member
2002,79,2026-02-05,admin
2003,53,2025-11-21,member
2004,109,2026-02-27,member
2005,23,2026-01-01,member
2006,7,2026-03-09,member
2007,52,2026-01-29,member
2008,85,2026-01-14,member
2009,89,2026-02-15,admin
2010,46,2026-01-23,member
2011,73,2025-11-27,member
2012,33,2026-01-08,admin
2013,98,2026-01-30,admin
2014,13,2026-02-13,member
2015,3,2025-10-24,member
2016,70,2026-01-26,member
2017,21,2026-01-03,member
2018,22,2026-03-07,member
2019,87,2026-02-22,member
2020,57,2025-12-30,member
2021,71,2026-01-07,member
2022,8,2026-02-11,member
2023,32,2026-01-31,member
2024,109,2026-02-02,member
2025,62,2026-02-17,member
2026,22,2026-02-27,member
2027,6,2026-03-02,member
2028,27,2026-02-13,viewer
2029,41,2026-02-11,member
2030,115,2026-03-06,member
2031,91,2026-03-05,member
2032,23,2026-02-17,viewer
2033,14,2026-03-02,member
2034,116,2026-02-14,member
2035,68,2026-01-14,member
2036,69,2026-02-13,admin
2037,107,2026-03-12,admin
2038,54,2026-03-07,member
2039,102,2026-01-25,member
2040,95,2025-12-18,member
2041,1,2026-02-07,member
2042,46,2026-02-25,member
2043,35,2026-02-22,member
2044,91,2025-12-30,admin
2045,79,2026-03-02,member
2046,70,2026-02-12,admin
2047,95,2025-11-17,member
2048,6,2026-02-15,member
2049,35,2025-11-09,admin
2050,106,2026-01-31,member
2051,56,2026-02-07,member
2052,41,2026-03-12,member
2053,35,2025-11-18,admin
2054,49,2026-02-15,member
2055,34,2026-03-08,member
2056,52,2026-01-21,member
2057,82,2026-02-16,member
2058,26,2026-03-06,viewer
2059,102,2026-01-22,member
2060,45,2026-03-09,member
2061,35,2026-02-12,member
2062,72,2026-02-05,viewer
2063,113,2026-03-04,member
2064,95,2025-12-24,admin
2065,93,2026-03-01,member
2066,31,2026-02-16,member
2067,81,2025-12-28,member
2068,78,2026-02-22,member
2069,19,2026-03-12,viewer
2070,31,2026-02-14,admin
2071,118,2026-02-15,admin
2072,53,2025-12-27,member
2073,107,2026-01-02,member
2074,25,2026-02-17,member
2075,21,2026-01-10,member
2076,85,2025-12-02,member
2077,45,2025-11-08,member
2078,102,2026-01-26,admin
2079,45,2026-02-08,member
2080,35,2025-10-28,member
2081,109,2025-11-08,member
2082,55,2026-02-01,member
2083,45,2026-02-18,member
2084,78,2026-02-14,admin
2085,82,2026-02-01,member
2086,28,2026-03-07,member
2087,98,2026-02-19,admin
2088,81,2026-01-01,member
2089,92,2025-10-26,admin
2090,83,2026-02-04,member
2091,8,2026-02-19,member
2092,87,2026-01-30,admin
2093,77,2026-01-13,admin
2094,95,2026-01-18,member
2095,3,2025-11-03,member
2096,69,2026-02-23,admin
2097,115,2026-03-04,viewer
2098,10,2025-11-27,member
2099,114,2026-02-18,member
2100,28,2026-01-22,member
2101,54,2026-03-06,admin
2102,86,2025-12-17,member
2103,47,2026-02-04,member
2104,61,2026-02-18,member
2105,91,2026-02-12,viewer
2106,7,2026-01-18,viewer
2107,73,2026-02-24,member
2108,90,2026-03-02,member
2109,2,2025-11-14,member
2110,19,2026-01-04,member
2111,14,2026-02-05,member
2112,53,2026-02-22,member
2113,119,2025-10-18,member
2114,46,2026-02-01,member
2115,112,2025-12-16,member
2116,56,2026-03-08,member
2117,113,2026-03-09,member
2118,10,2026-02-05,admin
2119,69,2026-03-11,viewer
2120,85,2025-12-22,member
2121,45,2025-10-22,member
2122,46,2026-01-27,member
2123,49,2026-02-26,member
2124,55,2026-02-28,member
2125,16,2026-01-01,member
2126,16,2026-02-15,member
2127,105,2026-01-08,member
2128,61,2026-02-21,member
2129,62,2026-03-08,member
2130,39,2026-03-02,member
2131,7,2026-02-21,member
2132,33,2025-12-28,viewer
2133,110,2026-01-20,admin
2134,20,2026-02-05,member
2135,62,2026-02-12,member
2136,66,2026-02-18,member
2137,30,2026-02-22,member
2138,5,2026-03-03,viewer
2139,105,2025-11-13,member
2140,108,2025-11-20,member
2141,91,2026-02-06,member
2142,88,2025-09-30,member
2143,70,2026-01-28,member
2144,81,2026-03-02,member
2145,68,2026-01-30,member
2146,99,2026-01-03,member
2147,101,2026-01-29,member
2148,17,2026-02-16,member
2149,70,2026-03-08,member
2150,27,2026-01-05,member
2151,33,2026-01-01,member
2152,7,2026-03-11,member
2153,32,2026-02-27,member
2154,46,2026-02-22,member
2155,102,2026-02-19,member
2156,23,2025-12-10,member
2157,45,2025-10-03,viewer
2158,74,2026-01-21,member
2159,119,2025-10-26,member
2160,14,2026-02-05,member
2161,113,2026-02-18,member
2162,58,2026-02-03,viewer
2163,11,2026-01-29,admin
2164,104,2026-02-12,member
2165,27,2025-11-19,member
2166,22,2026-02-18,member
2167,58,2026-02-26,member
2168,10,2026-01-08,member
2169,73,2026-02-21,member
2170,2,2026-02-27,member
2171,98,2026-01-30,member
2172,84,2026-02-24,member
2173,45,2026-03-12,member
2174,107,2026-02-25,member
2175,45,2025-11-24,viewer
2176,113,2026-02-08,member
2177,34,2025-10-18,member
2178,56,2026-02-02,admin
2179,116,2026-03-11,member
2180,80,2026-02-06,admin
2181,67,2026-01-24,admin
2182,115,2026-01-15,viewer
2183,3,2025-12-22,member
2184,32,2026-01-25,viewer
2185,106,2026-02-28,member
2186,110,2025-12-30,member
2187,29,2025-12-21,member
2188,6,2026-02-23,member
2189,69,2026-01-09,admin
2190,50,2025-12-10,member
2191,36,2026-01-29,member
2192,9,2026-01-04,admin
2193,54,2026-02-07,member
2194,111,2026-02-28,member
2195,67,2025-10-04,member
2196,93,2026-02-22,member
2197,27,2025-12-25,member
2198,11,2026-03-03,member
2199,104,2026-02-19,member
2200,111,2026-02-13,member
2201,83,2026-01-05,member
2202,113,2026-02-12,member
2203,30,2026-02-09,member
2204,17,2025-11-01,member
2205,87,2026-03-03,member
2206,28,2026-02-12,member
2207,2,2025-12-01,member
2208,21,2026-01-01,viewer
2209,60,2026-02-10,viewer
2210,23,2025-12-08,member
2211,119,2025-10-22,viewer
2212,111,2025-12-31,admin
2213,38,2026-02-08,member
2214,1,2026-01-21,member
2215,44,2026-03-05,viewer
2216,48,2025-12-28,admin
2217,20,2025-11-22,member
2218,80,2026-02-25,admin
2219,111,2025-11-24,member
2220,107,2026-02-05,admin
2221,102,2026-03-09,member
2222,104,2026-02-21,member
2223,2,2026-01-27,member
2224,94,2026-02-11,member
2225,104,2026-01-26,admin
2226,64,2026-01-21,member
2227,91,2026-01-26,member
2228,82,2026-02-27,admin
2229,70,2026-01-28,admin
2230,76,2026-02-11,viewer
2231,77,2026-03-09,member
2232,37,2026-01-08,member
2233,93,2026-02-21,member
2234,58,2026-02-01,member
2235,58,2026-02-01,viewer
2236,38,2025-12-06,member
2237,112,2026-01-11,member
2238,25,2026-02-16,member
2239,43,2026-01-03,member
2240,45,2026-01-16,admin
2241,86,2025-12-14,member
2242,95,2025-10-16,member
2243,80,2026-01-26,member
2244,112,2026-03-10,admin
2245,65,2026-02-25,member
2246,85,2026-01-30,member
2247,39,2026-03-03,member
2248,25,2026-02-24,member
2249,49,2026-01-22,member
2250,100,2026-02-27,member
2251,92,2026-01-04,member
2252,85,2026-03-07,admin
2253,57,2026-02-14,member
2254,106,2026-01-18,viewer
2255,48,2025-10-07,admin
2256,112,2025-12-22,viewer
2257,35,2025-12-31,member
2258,102,2026-02-24,member
2259,41,2026-02-06,member
2260,20,2026-01-03,admin
2261,1,2026-01-03,member
2262,39,2026-01-03,member
2263,72,2026-02-23,member
2264,4,2026-02-05,member
2265,83,2026-01-30,viewer
2266,46,2026-02-12,member
2267,38,2026-01-17,member
2268,47,2026-02-22,member
2269,26,2026-02-24,member
2270,25,2026-02-07,member
2271,89,2025-12-08,member
2272,96,2026-01-07,member
2273,113,2026-03-09,member
2274,32,2026-03-03,member
2275,14,2026-02-13,member
2276,10,2026-02-24,member
2277,4,2026-02-13,member
2278,82,2026-02-05,viewer
2279,94,2026-02-28,member
2280,113,2026-02-23,admin
2281,22,2026-02-23,member
2282,81,2025-11-07,member
2283,54,2026-03-03,member
2284,119,2026-02-15,member
2285,66,2025-10-25,viewer
2286,108,2025-12-17,member
2287,37,2026-02-04,member
2288,37,2026-02-02,member
2289,46,2026-01-24,viewer
2290,78,2025-12-13,member
2291,52,2026-02-25,member
2292,43,2026-02-28,member
2293,114,2026-02-23,member
2294,114,2025-11-11,member
2295,9,2026-01-23,member
2296,84,2026-01-20,member
2297,43,2026-01-14,member
2298,103,2026-03-07,member
2299,54,2026-02-20,member
2300,65,2026-03-03,member
2301,9,2025-12-23,member
2302,27,2026-03-03,member
2303,84,2026-01-18,member
2304,77,2026-02-15,member
2305,3,2025-12-16,member
2306,24,2026-03-07,member
2307,46,2026-03-07,member
2308,77,2026-02-07,viewer
2309,91,2026-01-27,member
2310,36,2026-01-20,member
2311,70,2026-02-25,member
2312,55,2026-02-06,member
2313,83,2026-01-02,member
2314,93,2026-02-24,admin
2315,65,2026-02-10,member
2316,79,2026-02-14,member
2317,110,2026-01-08,member
2318,24,2025-11-03,admin
2319,60,2026-02-07,member
2320,68,2025-12-28,member
2321,96,2026-03-01,member
2322,37,2025-11-06,member
2323,70,2026-03-07,admin
2324,77,2025-12-16,member
2325,81,2025-11-13,member
2326,116,2026-03-06,member
2327,80,2026-01-31,member
2328,45,2025-11-14,member
2329,3,2025-11-04,member
2330,90,2026-02-20,viewer
2331,86,2025-12-15,viewer
2332,39,2026-02-21,member
2333,62,2025-12-19,member
2334,91,2026-02-16,admin
2335,114,2026-01-01,member
2336,78,2025-11-28,member
2337,82,2026-01-22,member
2338,64,2026-02-04,member
2339,76,2026-02-16,viewer
2340,29,2026-03-07,member
2341,22,2026-02-13,admin
2342,52,2026-02-26,admin
2343,117,2026-02-19,member
2344,61,2026-01-15,viewer
2345,98,2026-03-08,member
2346,106,2026-01-28,member
2347,46,2026-01-27,member
2348,14,2026-01-28,member
2349,116,2026-02-13,member
2350,105,2025-11-06,member
2351,19,2026-01-15,member
2352,10,2026-03-07,member
2353,98,2026-02-03,member
2354,89,2026-01-05,member
2355,84,2026-03-04,member
2356,59,2025-10-26,member
2357,72,2026-03-01,member
2358,105,2026-02-26,member
2359,17,2025-11-01,viewer
2360,119,2026-01-03,member
2361,72,2026-01-31,member
2362,106,2026-03-02,member
2363,47,2025-09-27,viewer
2364,17,2026-02-28,member
2365,6,2026-03-10,admin
2366,109,2026-01-24,member
2367,105,2025-11-12,member
2368,29,2025-12-18,member
2369,9,2025-12-24,member
2370,29,2026-02-05,member
2371,106,2026-03-08,viewer
2372,101,2026-01-22,member
2373,12,2026-02-23,viewer
2374,117,2026-02-13,member
2375,42,2026-02-28,member
2376,105,2025-12-05,member
2377,68,2026-02-22,admin
2378,116,2026-03-05,member
2379,85,2025-10-27,member
2380,62,2026-02-07,member
2381,109,2026-02-25,member
2382,47,2025-12-27,viewer
2383,19,2026-03-09,member
2384,88,2026-01-15,member
2385,33,2025-12-09,member
2386,28,2025-12-16,member
2387,37,2026-01-23,member
2388,22,2026-02-17,member
2389,116,2026-02-09,member
2390,72,2026-01-30,member
2391,44,2026-01-20,member
2392,90,2026-03-08,admin
2393,62,2025-12-19,member
2394,76,2026-01-30,member
2395,46,2026-02-01,viewer
2396,33,2026-02-24,member
2397,32,2026-03-07,member
2398,16,2026-02-16,member
2399,47,2026-01-25,member
2400,102,2026-01-30,member
2401,73,2026-01-19,member
2402,4,2026-02-23,member
2403,42,2026-01-17,member
2404,22,2026-03-01,member
2405,40,2026-02-03,admin
2406,111,2026-02-22,member
2407,55,2026-01-17,member
2408,16,2026-02-24,member
2409,58,2026-03-09,member
2410,34,2025-10-22,member
2411,41,2025-11-29,member
2412,36,2026-02-01,member
2413,116,2026-03-04,member
2414,34,2026-01-21,member
2415,83,2025-09-29,member
2416,77,2026-01-21,member
2417,70,2026-02-05,member
2418,9,2026-01-10,viewer
2419,62,2026-02-21,member
2420,35,2026-01-01,member
2421,22,2026-02-28,member
2422,41,2026-01-27,member
2423,116,2026-02-13,member
2424,14,2026-02-17,member
2425,66,2025-10-28,member
2426,4,2026-03-10,member
2427,54,2026-03-02,member
2428,45,2026-02-22,member
2429,85,2025-11-20,member
2430,62,2026-01-12,viewer
2431,47,2025-11-30,member
2432,87,2026-02-05,member
2433,81,2025-11-23,member
2434,115,2026-02-21,member
2435,3,2026-01-23,member
2436,36,2025-12-06,member
2437,4,2026-01-24,member
2438,4,2026-03-06,admin
2439,42,2026-02-21,member
2440,106,2026-02-26,member
2441,64,2025-12-26,member
2442,79,2026-02-12,member
2443,11,2026-01-31,member
2444,61,2025-12-31,member
2445,104,2026-03-12,member
2446,1,2026-01-17,member
2447,1,2026-01-19,viewer
2448,47,2026-01-18,member
2449,26,2026-03-07,member
2450,94,2026-01-30,member
2451,63,2026-01-30,admin
2452,15,2026-01-04,member
2453,6,2026-02-27,viewer
2454,13,2026-03-12,admin
2455,12,2026-01-10,member
2456,87,2026-03-02,admin
2457,84,2026-02-15,member
2458,68,2026-02-17,member
2459,31,2026-03-01,member
2460,106,2026-02-06,member
2461,88,2026-01-17,admin
2462,68,2025-12-21,member
2463,111,2026-02-23,member
2464,72,2026-03-09,admin
2465,42,2026-02-27,admin
2466,88,2025-12-20,member
2467,96,2026-02-17,viewer
2468,31,2026-01-06,member
2469,50,2025-11-13,admin
2470,91,2026-02-04,admin
2471,117,2026-02-10,member
2472,113,2026-03-03,member
2473,30,2026-02-12,member
2474,110,2026-03-03,member
2475,13,2026-01-21,member
2476,74,2025-09-25,admin
2477,78,2025-11-01,member
2478,95,2025-11-13,member
2479,27,2026-03-09,member
2480,53,2026-02-26,member
2481,15,2026-01-10,member
2482,59,2025-12-10,member
2483,34,2025-12-02,member
2484,64,2026-01-06,member
2485,98,2026-02-03,member
2486,28,2026-03-03,member
2487,24,2026-01-13,member
2488,16,2026-02-22,member
2489,103,2026-01-31,member
2490,43,2026-01-27,member
2491,78,2025-12-17,viewer
2492,108,2026-02-26,member
2493,15,2025-12-21,member
2494,18,2026-01-09,member
2495,37,2026-02-14,admin
2496,42,2026-02-11,member
2497,5,2025-12-16,admin
2498,41,2025-12-10,member
2499,11,2026-02-16,member
2500,60,2026-02-21,viewer
