user_id,created_at,country,marketing_source
1,2026-02-23,BR,google
2,2025-11-22,US,google
3,2025-10-09,PT,google
4,2025-12-30,BR,google
5,2025-11-07,US,organic
6,2025-09-19,PT,google
7,2026-02-26,PT,facebook
8,2026-01-05,PT,google
9,2025-09-14,US,organic
10,2025-12-09,MX,google
11,2025-12-08,BR,google
12,2025-10-07,MX,email
13,2026-02-14,MX,email
14,2026-01-08,PT,google
15,2025-12-18,BR,organic
16,2026-02-20,PT,email
17,2025-12-14,PT,google
18,2025-09-30,BR,organic
19,2025-11-26,BR,email
20,2025-10-08,CA,google
21,2026-02-22,MX,google
22,2025-12-12,US,organic
23,2026-03-11,BR,organic
24,2025-10-26,PT,referral
25,2025-10-24,CA,facebook
26,2026-02-23,PT,google
27,2025-12-05,BR,google
28,2025-09-21,MX,facebook
29,2025-09-29,US,tiktok
30,2026-02-05,MX,google
31,2026-01-18,CA,email
32,2026-02-24,CA,google
33,2025-10-18,US,referral
34,2026-01-28,MX,referral
35,2025-12-31,PT,facebook
36,2025-11-08,US,organic
37,2025-10-06,BR,email
38,2025-10-22,US,email
39,2025-12-30,PT,google
40,2025-12-19,PT,tiktok
41,2026-01-26,MX,tiktok
42,2025-09-15,BR,organic
43,2026-01-28,MX,referral
44,2025-12-09,BR,facebook
45,2025-10-23,CA,google
46,2025-11-19,PT,referral
47,2026-01-20,BR,email
48,2025-11-28,PT,organic
49,2025-10-22,MX,referral
50,2026-01-29,PT,tiktok
51,2026-02-13,MX,organic
52,2025-10-11,MX,email
53,2025-11-30,US,google
54,2026-02-05,BR,google
55,2026-01-15,BR,tiktok
56,2026-01-27,US,google
57,2026-01-12,PT,google
58,2026-01-26,PT,facebook
59,2025-11-06,PT,referral
60,2026-03-08,US,referral
61,2025-12-24,MX,facebook
62,2026-01-23,CA,google
63,2025-11-09,BR,facebook
64,2026-02-10,PT,google
65,2025-11-08,BR,google
66,2026-02-21,BR,google
67,2025-09-21,MX,google
68,2025-11-12,MX,organic
69,2025-11-06,PT,google
70,2026-02-06,PT,organic
71,2026-01-12,CA,google
72,2025-10-07,CA,facebook
73,2025-12-27,CA,email
74,2025-09-26,BR,google
75,2025-12-08,BR,google
76,2025-10-31,PT,facebook
77,2025-12-30,US,google
78,2025-11-15,BR,facebook
79,2026-01-31,BR,google
80,2026-01-29,BR,tiktok
81,2025-11-12,US,facebook
82,2026-01-14,US,email
83,2025-09-28,US,facebook
84,2025-12-21,MX,tiktok
85,2026-01-07,MX,facebook
86,2026-02-02,CA,google
87,2025-11-27,US,tiktok
88,2026-02-08,PT,google
89,2025-12-02,BR,google
90,2026-01-13,PT,tiktok
91,2026-01-26,US,google
92,2026-01-21,BR,email
93,2025-09-30,PT,google
94,2025-11-12,CA,google
95,2026-02-05,US,organic
96,2025-09-23,PT,google
97,2026-02-28,PT,organic
98,2025-12-02,MX,google
99,2025-12-02,US,google
100,2025-10-16,MX,facebook
101,2025-10-01,BR,facebook
102,2026-02-04,BR,google
103,2025-11-06,PT,google
104,2025-12-11,BR,email
105,2025-12-16,MX,google
106,2026-01-30,MX,organic
107,2026-02-27,PT,google
108,2026-02-01,MX,tiktok
109,2025-10-09,US,google
110,2025-10-10,PT,google
111,2025-11-24,PT,google
112,2025-12-09,US,organic
113,2025-11-19,PT,organic
114,2025-09-26,BR,organic
115,2025-11-22,BR,google
116,2025-10-16,MX,google
117,2026-01-04,PT,organic
118,2026-02-03,BR,google
119,2026-03-08,US,organic
120,2025-12-16,PT,organic
121,2026-01-01,US,google
122,2025-12-15,BR,email
123,2025-11-05,US,organic
124,2025-12-12,PT,email
125,2025-12-26,PT,referral
126,2025-11-12,US,tiktok
127,2025-10-28,CA,google
128,2025-12-07,CA,email
129,2025-11-15,MX,google
130,2026-03-11,BR,facebook
131,2025-09-22,CA,google
132,2026-01-08,MX,facebook
133,2025-11-10,US,google
134,2025-11-01,CA,facebook
135,2025-09-30,MX,facebook
136,2026-01-21,CA,organic
137,2026-01-28,MX,tiktok
138,2025-10-12,MX,google
139,2025-11-19,BR,google
140,2026-01-02,MX,referral
141,2025-12-02,CA,organic
142,2026-01-21,BR,facebook
143,2026-02-07,US,google
144,2026-01-02,BR,organic
145,2026-01-28,US,facebook
146,2025-09-30,MX,organic
147,2026-03-01,BR,referral
148,2025-11-28,PT,facebook
149,2025-12-26,MX,facebook
150,2025-11-27,PT,google
151,2025-12-29,CA,organic
152,2025-10-27,PT,organic
153,2025-12-25,PT,email
154,2025-11-29,MX,google
155,2026-02-08,PT,organic
156,2026-01-10,CA,facebook
157,2025-11-06,PT,organic
158,2025-10-26,BR,facebook
159,2026-03-01,PT,facebook
160,2025-11-12,MX,google
161,2025-11-02,US,google
162,2025-11-14,CA,organic
163,2025-10-01,CA,facebook
164,2026-02-21,PT,google
165,2026-03-10,CA,organic
166,2025-11-14,US,organic
167,2025-09-14,BR,referral
168,2025-11-08,US,email
169,2026-03-10,PT,organic
170,2026-02-02,US,tiktok
171,2025-10-14,CA,google
172,2026-01-09,PT,tiktok
173,2026-02-12,MX,tiktok
174,2026-01-04,PT,email
175,2026-01-20,CA,email
176,2026-01-31,CA,email
177,2026-01-12,CA,google
178,2025-11-15,MX,referral
179,2026-01-24,CA,organic
180,2025-11-22,CA,google
181,2025-11-25,US,google
182,2025-12-03,PT,google
183,2025-10-21,US,facebook
184,2025-10-22,US,google
185,2025-12-26,MX,organic
186,2025-12-28,BR,google
187,2025-12-29,CA,email
188,2026-02-09,BR,email
189,2026-02-07,CA,organic
190,2025-12-12,MX,referral
191,2025-12-29,PT,referral
192,2026-01-30,PT,email
193,2026-01-15,US,google
194,2026-01-15,BR,facebook
195,2026-03-03,CA,referral
196,2026-01-10,US,tiktok
197,2026-01-27,BR,email
198,2026-02-11,PT,organic
199,2025-10-04,CA,google
200,2026-01-09,US,google
201,2025-12-19,MX,google
202,2025-12-05,MX,referral
203,2025-12-19,MX,referral
204,2025-12-29,MX,email
205,2026-01-11,BR,referral
206,2025-09-26,MX,google
207,2025-09-30,BR,referral
208,2025-11-15,US,email
209,2026-02-19,US,google
210,2026-01-12,BR,organic
211,2025-11-07,CA,organic
212,2025-12-16,US,organic
213,2025-10-12,US,tiktok
214,2025-10-10,PT,google
215,2025-12-01,PT,organic
216,2025-12-18,CA,tiktok
217,2025-11-02,BR,organic
218,2026-02-20,US,google
219,2025-11-29,PT,email
220,2026-02-04,BR,facebook
221,2025-12-31,MX,google
222,2026-02-25,MX,google
223,2025-12-29,CA,google
224,2025-12-14,CA,organic
225,2026-01-02,US,referral
226,2026-02-26,MX,organic
227,2026-01-28,CA,organic
228,2026-02-11,MX,facebook
229,2025-11-14,BR,google
230,2026-01-06,US,referral
231,2026-02-05,PT,organic
232,2025-12-08,BR,organic
233,2025-12-05,US,organic
234,2025-12-12,MX,facebook
235,2026-02-12,MX,organic
236,2026-01-23,US,google
237,2025-12-26,CA,organic
238,2025-11-13,CA,organic
239,2026-01-16,CA,email
240,2025-10-06,MX,google
241,2026-03-09,US,facebook
242,2026-02-08,MX,organic
243,2026-01-26,MX,facebook
244,2026-01-31,MX,facebook
245,2026-01-07,MX,facebook
246,2025-11-11,BR,referral
247,2025-12-02,BR,referral
248,2026-03-08,US,google
249,2026-01-14,MX,referral
250,2026-01-25,PT,facebook
251,2025-10-08,US,facebook
252,2025-12-14,US,facebook
253,2026-01-27,US,google
254,2025-09-26,PT,facebook
255,2025-10-15,CA,google
256,2025-09-16,PT,facebook
257,2026-01-13,CA,facebook
258,2025-09-26,MX,tiktok
259,2026-01-13,BR,email
260,2025-12-24,CA,google
261,2026-02-21,BR,google
262,2026-02-04,MX,google
263,2025-11-15,BR,organic
264,2025-12-28,PT,organic
265,2026-02-18,US,referral
266,2025-12-19,CA,email
267,2025-11-28,PT,tiktok
268,2025-11-30,PT,organic
269,2026-02-16,BR,tiktok
270,2025-11-05,US,google
271,2025-10-03,US,google
272,2026-02-01,BR,google
273,2025-12-26,CA,organic
274,2026-01-11,MX,google
275,2025-11-25,MX,organic
276,2026-01-07,BR,organic
277,2025-11-19,PT,organic
278,2025-11-02,CA,google
279,2025-11-09,US,email
280,2025-10-19,BR,google
281,2025-11-30,PT,referral
282,2026-02-05,MX,facebook
283,2026-01-10,MX,organic
284,2025-11-21,PT,organic
285,2026-01-03,BR,organic
286,2026-01-01,MX,organic
287,2025-09-19,BR,google
288,2026-03-04,PT,organic
289,2025-09-18,MX,organic
290,2025-10-27,CA,organic
291,2026-01-04,MX,google
292,2026-02-09,CA,organic
293,2026-01-16,BR,organic
294,2025-12-26,MX,facebook
295,2025-10-09,US,facebook
296,2026-03-09,CA,facebook
297,2025-12-24,PT,google
298,2025-10-05,MX,google
299,2025-10-12,CA,email
300,2025-09-13,PT,organic
301,2025-09-26,US,organic
302,2026-02-19,CA,organic
303,2025-09-26,US,google
304,2025-10-16,MX,facebook
305,2026-03-10,CA,google
306,2026-02-21,PT,email
307,2025-10-23,MX,organic
308,2026-02-01,CA,google
309,2025-10-12,CA,tiktok
310,2026-02-25,US,organic
311,2025-11-26,PT,organic
312,2025-12-28,CA,tiktok
313,2025-11-14,CA,organic
314,2025-12-20,US,tiktok
315,2026-01-21,US,email
316,2025-11-22,CA,facebook
317,2026-01-20,MX,email
318,2025-11-24,MX,email
319,2026-02-08,CA,email
320,2026-01-05,PT,organic
321,2025-12-07,PT,referral
322,2025-12-18,CA,tiktok
323,2025-10-31,US,organic
324,2025-11-11,CA,google
325,2026-01-12,CA,facebook
326,2026-03-01,US,organic
327,2025-09-22,US,organic
328,2026-02-11,MX,email
329,2026-01-03,BR,organic
330,2026-01-07,BR,referral
331,2025-12-26,US,google
332,2025-11-19,MX,organic
333,2025-12-23,BR,email
334,2026-03-04,PT,facebook
335,2025-12-03,CA,email
336,2025-09-22,PT,google
337,2026-02-21,MX,tiktok
338,2025-10-06,CA,tiktok
339,2026-02-22,BR,facebook
340,2026-03-09,MX,email
341,2025-09-24,MX,email
342,2025-11-27,MX,facebook
343,2025-10-20,US,organic
344,2026-02-04,US,google
345,2025-10-03,PT,email
346,2026-02-18,US,organic
347,2026-02-09,US,google
348,2026-02-23,MX,facebook
349,2026-03-02,BR,email
350,2026-01-10,MX,organic
351,2025-10-23,BR,facebook
352,2025-12-10,PT,facebook
353,2025-12-30,MX,facebook
354,2025-11-29,US,tiktok
355,2026-01-14,BR,google
356,2026-02-06,MX,organic
357,2026-03-11,MX,google
358,2026-02-28,CA,google
359,2026-02-04,BR,tiktok
360,2026-01-18,MX,referral
361,2025-11-10,PT,email
362,2025-11-08,US,organic
363,2026-03-05,US,organic
364,2026-02-20,BR,facebook
365,2026-01-03,BR,organic
366,2025-10-16,BR,email
367,2025-12-05,CA,google
368,2025-10-16,PT,email
369,2025-12-15,PT,organic
370,2025-11-21,US,google
371,2026-01-14,MX,referral
372,2025-12-08,BR,organic
373,2025-10-02,US,referral
374,2025-11-09,CA,tiktok
375,2026-02-02,MX,google
376,2025-12-23,BR,google
377,2025-10-14,CA,facebook
378,2026-03-04,MX,organic
379,2026-02-23,MX,google
380,2025-11-11,CA,google
381,2026-02-03,MX,tiktok
382,2025-11-08,BR,organic
383,2026-01-09,MX,organic
384,2025-10-12,US,google
385,2025-09-22,MX,tiktok
386,2025-10-12,BR,google
387,2026-01-28,US,facebook
388,2025-12-16,PT,facebook
389,2025-10-22,CA,organic
390,2026-01-16,PT,facebook
391,2025-11-23,BR,organic
392,2025-11-07,CA,facebook
393,2025-11-12,MX,google
394,2026-03-07,MX,organic
395,2026-02-25,MX,google
396,2025-11-22,US,tiktok
397,2026-01-07,BR,organic
398,2026-02-24,PT,tiktok
399,2025-09-25,MX,google
400,2025-10-15,PT,google
401,2026-02-01,US,organic
402,2025-11-11,MX,referral
403,2026-02-12,BR,google
404,2025-10-20,US,organic
405,2025-10-27,BR,organic
406,2025-09-19,US,google
407,2025-11-12,PT,facebook
408,2025-10-27,MX,google
409,2025-12-29,PT,google
410,2025-09-29,CA,facebook
411,2025-12-14,PT,organic
412,2026-01-06,PT,google
413,2026-02-17,BR,referral
414,2026-02-28,PT,facebook
415,2026-02-24,BR,google
416,2026-01-13,CA,facebook
417,2025-10-10,CA,referral
418,2026-01-04,BR,email
419,2025-12-04,PT,google
420,2025-10-15,MX,organic
421,2026-02-09,PT,referral
422,2025-12-19,PT,organic
423,2026-01-07,PT,organic
424,2025-10-08,BR,email
425,2026-02-26,PT,referral
426,2025-11-07,CA,facebook
427,2025-11-10,CA,facebook
428,2026-01-07,CA,facebook
429,2025-10-07,MX,facebook
430,2026-03-02,MX,facebook
431,2025-10-22,CA,google
432,2025-10-04,BR,facebook
433,2025-12-17,US,organic
434,2026-02-10,PT,organic
435,2026-03-03,BR,facebook
436,2026-03-02,CA,email
437,2025-09-26,MX,organic
438,2025-12-12,BR,organic
439,2025-11-06,US,organic
440,2025-11-09,BR,facebook
441,2026-02-02,MX,google
442,2025-11-23,PT,google
443,2025-12-31,PT,tiktok
444,2026-02-19,PT,organic
445,2026-02-02,BR,organic
446,2026-02-28,MX,google
447,2025-11-21,MX,tiktok
448,2025-12-11,BR,google
449,2025-10-19,PT,organic
450,2025-09-30,US,referral
451,2025-09-20,BR,referral
452,2025-11-07,CA,facebook
453,2025-12-09,US,facebook
454,2025-12-05,PT,organic
455,2025-09-26,US,google
456,2026-02-18,BR,organic
457,2025-11-21,CA,organic
458,2026-01-15,PT,facebook
459,2025-11-21,US,referral
460,2025-10-12,MX,facebook
461,2025-11-24,PT,organic
462,2026-03-02,MX,google
463,2025-12-23,PT,google
464,2025-11-04,MX,tiktok
465,2025-10-18,MX,facebook
466,2025-10-13,BR,organic
467,2026-01-01,US,google
468,2026-01-27,US,organic
469,2026-03-03,MX,google
470,2025-09-23,CA,google
471,2025-10-02,MX,organic
472,2026-02-06,CA,organic
473,2025-12-28,MX,google
474,2025-09-18,MX,google
475,2026-02-18,CA,email
476,2025-12-14,BR,facebook
477,2025-10-10,US,facebook
478,2025-12-24,PT,google
479,2025-12-01,MX,google
480,2025-10-26,BR,organic
481,2025-10-12,PT,organic
482,2025-12-11,MX,referral
483,2026-02-25,US,google
484,2025-10-20,MX,google
485,2026-02-14,US,referral
486,2026-02-27,BR,google
487,2026-02-20,CA,organic
488,2026-02-04,PT,facebook
489,2026-02-04,PT,facebook
490,2026-02-20,MX,google
491,2025-09-30,CA,facebook
492,2025-11-29,MX,organic
493,2025-12-12,PT,google
494,2026-01-09,CA,google
495,2025-12-16,MX,google
496,2025-10-06,PT,organic
497,2025-12-20,CA,organic
498,2025-09-23,CA,email
499,2026-02-06,US,facebook
500,2026-01-12,PT,google
501,2025-09-28,CA,google
502,2025-12-09,BR,organic
503,2025-10-27,BR,google
504,2026-01-03,CA,organic
505,2026-02-16,US,facebook
506,2025-11-24,CA,facebook
507,2025-12-08,PT,google
508,2026-02-21,MX,google
509,2025-10-07,PT,organic
510,2025-11-24,MX,referral
511,2026-02-28,PT,email
512,2025-12-07,BR,organic
513,2025-10-19,MX,facebook
514,2026-02-27,CA,google
515,2025-10-04,MX,organic
516,2026-02-24,MX,email
517,2026-03-03,PT,google
518,2026-03-03,CA,organic
519,2025-09-17,MX,facebook
520,2025-11-06,MX,tiktok
521,2026-01-15,US,google
522,2025-10-18,US,google
523,2025-10-08,PT,referral
524,2026-01-25,BR,organic
525,2026-02-18,US,organic
526,2025-10-22,US,google
527,2026-03-09,PT,email
528,2025-10-25,CA,google
529,2025-12-15,US,tiktok
530,2026-02-16,MX,referral
531,2026-01-05,US,organic
532,2025-12-01,CA,email
533,2025-11-01,MX,organic
534,2026-02-06,CA,organic
535,2025-11-24,CA,organic
536,2025-12-29,US,email
537,2026-02-14,US,email
538,2025-09-26,CA,email
539,2026-02-01,BR,referral
540,2026-01-23,BR,facebook
541,2025-10-24,MX,facebook
542,2026-01-22,US,email
543,2025-10-06,US,email
544,2025-12-11,BR,facebook
545,2025-12-23,PT,facebook
546,2025-12-20,BR,facebook
547,2025-09-20,MX,tiktok
548,2026-02-26,MX,email
549,2025-10-18,BR,facebook
550,2026-01-11,US,referral
551,2026-01-11,CA,organic
552,2025-10-03,BR,google
553,2025-10-21,PT,tiktok
554,2026-02-15,PT,facebook
555,2025-11-25,US,facebook
556,2025-09-25,US,facebook
557,2026-02-19,CA,google
558,2026-01-18,PT,organic
559,2026-02-21,PT,organic
560,2025-10-19,MX,facebook
561,2026-02-17,MX,google
562,2025-12-28,US,organic
563,2025-10-04,PT,tiktok
564,2025-09-30,PT,organic
565,2026-01-20,PT,google
566,2026-01-11,BR,organic
567,2025-12-17,MX,referral
568,2025-12-13,BR,facebook
569,2026-02-28,BR,referral
570,2025-12-07,US,google
571,2026-01-30,MX,email
572,2025-10-27,CA,tiktok
573,2026-01-13,US,email
574,2025-09-29,CA,google
575,2025-11-03,BR,email
576,2025-09-23,MX,tiktok
577,2026-01-22,CA,tiktok
578,2026-01-30,CA,google
579,2026-02-25,US,facebook
580,2025-09-25,MX,google
581,2025-12-16,CA,email
582,2026-01-03,CA,facebook
583,2025-10-30,CA,organic
584,2025-12-16,PT,google
585,2025-10-04,CA,google
586,2026-02-14,US,organic
587,2025-12-04,BR,google
588,2026-03-01,MX,facebook
589,2026-02-14,CA,google
590,2026-01-04,MX,facebook
591,2025-12-12,PT,tiktok
592,2025-11-22,BR,google
593,2026-02-23,CA,facebook
594,2026-03-05,US,tiktok
595,2025-10-19,PT,organic
596,2026-01-03,BR,google
597,2025-11-12,MX,facebook
598,2026-02-05,BR,organic
599,2026-03-05,CA,tiktok
600,2025-12-17,CA,referral
601,2026-02-06,US,organic
602,2025-12-23,MX,organic
603,2025-11-15,BR,google
604,2025-10-30,CA,organic
605,2026-02-03,BR,google
606,2025-11-18,CA,google
607,2026-02-16,MX,organic
608,2026-01-16,US,google
609,2025-10-01,CA,google
610,2026-01-04,BR,email
611,2025-12-03,MX,organic
612,2026-01-31,PT,facebook
613,2025-11-28,US,referral
614,2026-03-11,US,email
615,2026-01-21,US,google
616,2025-11-03,US,google
617,2026-01-17,BR,facebook
618,2026-02-06,MX,organic
619,2026-02-01,US,organic
620,2025-10-05,BR,facebook
621,2026-01-13,PT,facebook
622,2025-12-26,PT,google
623,2025-12-03,BR,facebook
624,2026-03-06,PT,facebook
625,2026-02-01,PT,google
626,2025-10-16,CA,organic
627,2025-09-27,BR,organic
628,2025-11-29,US,google
629,2025-11-09,MX,tiktok
630,2026-01-23,MX,email
631,2025-11-16,US,organic
632,2026-02-01,MX,google
633,2025-11-29,PT,organic
634,2026-01-19,US,organic
635,2026-02-08,US,google
636,2026-02-19,PT,facebook
637,2026-02-04,BR,email
638,2025-09-20,BR,google
639,2026-02-24,PT,google
640,2025-11-05,PT,facebook
641,2026-02-23,BR,organic
642,2026-02-20,PT,facebook
643,2025-11-29,CA,google
644,2026-03-07,CA,facebook
645,2025-10-01,BR,google
646,2025-12-28,CA,organic
647,2025-12-09,PT,google
648,2025-12-03,MX,tiktok
649,2025-10-16,MX,organic
650,2025-10-10,MX,google
651,2025-10-14,MX,facebook
652,2025-10-19,BR,google
653,2025-12-20,PT,facebook
654,2025-10-23,MX,tiktok
655,2025-12-02,US,referral
656,2026-01-18,PT,organic
657,2025-11-30,CA,google
658,2025-12-22,PT,facebook
659,2025-11-13,US,organic
660,2025-09-25,BR,facebook
661,2026-02-12,CA,facebook
662,2025-09-15,BR,facebook
663,2025-11-19,MX,referral
664,2025-12-15,BR,facebook
665,2026-02-05,PT,google
666,2026-02-01,MX,google
667,2026-01-20,CA,referral
668,2025-11-23,PT,organic
669,2025-10-13,US,tiktok
670,2025-12-22,MX,email
671,2025-12-08,PT,tiktok
672,2025-10-19,US,organic
673,2025-12-24,PT,google
674,2025-09-22,US,referral
675,2026-01-12,PT,facebook
676,2026-02-15,PT,google
677,2026-02-16,MX,google
678,2026-02-17,MX,organic
679,2026-01-20,PT,organic
680,2026-02-04,MX,organic
681,2025-09-17,MX,facebook
682,2025-10-11,CA,organic
683,2026-03-08,BR,organic
684,2025-11-19,PT,organic
685,2025-09-26,PT,organic
686,2026-01-25,PT,referral
687,2025-12-19,US,email
688,2025-11-14,BR,organic
689,2026-03-11,BR,google
690,2026-01-03,MX,facebook
691,2025-12-27,US,facebook
692,2026-02-16,CA,email
693,2025-09-28,US,organic
694,2026-02-03,MX,tiktok
695,2026-01-13,PT,facebook
696,2025-10-27,CA,tiktok
697,2025-12-09,PT,facebook
698,2026-03-06,MX,organic
699,2025-11-01,US,google
700,2025-11-28,US,tiktok
701,2025-11-28,MX,organic
702,2026-03-08,CA,facebook
703,2025-12-11,PT,tiktok
704,2025-11-22,MX,google
705,2026-03-05,PT,facebook
706,2025-12-23,MX,tiktok
707,2025-10-20,MX,google
708,2025-10-03,MX,tiktok
709,2026-02-27,MX,referral
710,2025-11-06,US,email
711,2025-11-21,PT,organic
712,2025-10-18,BR,organic
713,2026-02-10,US,google
714,2026-03-03,PT,google
715,2025-11-11,BR,google
716,2025-12-06,CA,google
717,2025-10-18,BR,tiktok
718,2025-10-23,CA,organic
719,2026-01-12,CA,organic
720,2025-11-25,MX,facebook
721,2025-09-28,BR,organic
722,2025-11-11,PT,referral
723,2025-09-22,US,facebook
724,2025-10-28,BR,tiktok
725,2025-12-23,CA,google
726,2025-11-26,BR,google
727,2026-02-05,PT,google
728,2025-12-07,MX,facebook
729,2026-02-24,PT,organic
730,2025-10-17,PT,organic
731,2025-11-01,BR,facebook
732,2026-01-08,MX,referral
733,2025-09-16,MX,email
734,2026-02-05,US,google
735,2026-02-23,CA,email
736,2026-01-22,MX,google
737,2026-03-03,BR,google
738,2025-10-18,CA,facebook
739,2025-11-15,BR,google
740,2025-11-12,CA,referral
741,2025-12-06,MX,organic
742,2026-02-06,BR,google
743,2025-12-14,US,google
744,2025-10-13,CA,facebook
745,2025-12-25,PT,tiktok
746,2026-03-12,MX,organic
747,2026-02-23,MX,facebook
748,2025-11-08,US,tiktok
749,2026-01-13,US,facebook
750,2026-02-15,MX,facebook
751,2026-01-31,CA,referral
752,2026-03-02,US,referral
753,2026-03-06,PT,email
754,2025-10-03,PT,facebook
755,2026-03-12,MX,google
756,2026-02-04,BR,google
757,2026-01-31,PT,google
758,2026-01-28,US,google
759,2026-01-24,CA,google
760,2025-11-04,PT,organic
761,2026-01-21,CA,email
762,2026-01-07,US,organic
763,2026-01-07,PT,google
764,2026-01-09,MX,referral
765,2025-12-23,MX,email
766,2025-11-07,PT,google
767,2025-12-30,MX,organic
768,2026-01-29,BR,tiktok
769,2025-09-30,CA,google
770,2025-12-26,US,referral
771,2026-02-24,CA,facebook
772,2025-12-19,CA,email
773,2025-12-18,CA,google
774,2026-03-01,PT,google
775,2025-12-11,BR,google
776,2026-01-28,CA,organic
777,2025-11-09,BR,referral
778,2025-11-28,CA,organic
779,2026-01-30,CA,organic
780,2025-11-10,US,organic
781,2025-10-22,MX,google
782,2025-10-11,BR,email
783,2025-12-29,PT,referral
784,2025-09-17,US,google
785,2025-10-08,PT,google
786,2026-02-13,BR,google
787,2025-09-24,CA,facebook
788,2026-01-29,US,referral
789,2025-09-27,US,organic
790,2025-11-26,US,email
791,2026-02-07,MX,organic
792,2026-03-04,MX,google
793,2025-10-19,PT,google
794,2025-11-28,MX,google
795,2026-02-11,US,organic
796,2025-12-31,PT,organic
797,2025-12-10,CA,referral
798,2025-12-03,CA,facebook
799,2025-11-28,CA,google
800,2026-01-28,CA,google
801,2025-11-09,MX,email
802,2025-10-19,CA,tiktok
803,2026-02-03,CA,tiktok
804,2026-02-02,PT,google
805,2025-11-14,MX,google
806,2026-02-25,BR,tiktok
807,2025-12-16,BR,organic
808,2025-10-31,BR,google
809,2026-03-04,PT,organic
810,2025-10-01,US,email
811,2026-02-10,PT,google
812,2025-11-05,MX,facebook
813,2025-09-16,US,tiktok
814,2025-10-13,CA,tiktok
815,2026-03-10,PT,organic
816,2025-12-23,US,organic
817,2025-11-24,CA,organic
818,2026-02-26,MX,facebook
819,2025-12-14,PT,email
820,2026-01-10,BR,email
821,2026-01-11,MX,tiktok
822,2025-12-16,MX,facebook
823,2026-02-04,US,referral
824,2025-09-17,MX,organic
825,2026-02-09,PT,referral
826,2025-11-27,US,google
827,2025-11-10,CA,organic
828,2025-11-14,CA,organic
829,2026-03-07,MX,google
830,2026-01-16,CA,organic
831,2025-12-12,US,google
832,2026-01-30,CA,google
833,2026-01-29,BR,organic
834,2025-10-02,BR,referral
835,2025-12-27,US,email
836,2025-11-11,BR,organic
837,2025-09-15,US,organic
838,2025-12-17,BR,organic
839,2026-03-02,PT,tiktok
840,2026-02-28,CA,google
841,2026-01-27,PT,facebook
842,2025-09-17,PT,referral
843,2026-01-28,MX,google
844,2026-03-10,CA,email
845,2025-10-28,BR,tiktok
846,2026-01-25,US,google
847,2026-02-18,PT,google
848,2025-12-12,MX,email
849,2025-10-03,MX,tiktok
850,2026-01-08,PT,google
851,2026-03-10,US,facebook
852,2025-10-03,BR,google
853,2025-12-19,CA,organic
854,2025-09-27,BR,organic
855,2025-10-04,CA,email
856,2026-02-25,MX,organic
857,2025-10-07,PT,tiktok
858,2025-11-10,US,email
859,2026-03-09,PT,organic
860,2025-09-24,BR,organic
861,2025-11-23,PT,organic
862,2025-09-21,US,tiktok
863,2025-12-02,BR,tiktok
864,2026-02-10,US,referral
865,2025-12-23,BR,facebook
866,2026-02-04,US,organic
867,2025-12-21,PT,facebook
868,2025-10-18,BR,organic
869,2025-12-10,BR,google
870,2025-11-11,BR,facebook
871,2026-02-17,PT,facebook
872,2025-12-05,BR,organic
873,2026-01-06,CA,google
874,2026-02-01,CA,facebook
875,2026-03-06,PT,organic
876,2025-10-04,PT,facebook
877,2025-11-15,BR,google
878,2025-10-22,CA,referral
879,2026-02-22,US,referral
880,2025-12-03,MX,google
881,2025-09-14,MX,facebook
882,2025-11-21,BR,google
883,2025-10-30,CA,facebook
884,2026-02-02,PT,facebook
885,2025-09-19,BR,facebook
886,2025-10-06,PT,organic
887,2025-12-05,CA,google
888,2025-12-27,CA,referral
889,2026-02-03,US,organic
890,2025-10-26,CA,google
891,2025-11-20,MX,google
892,2025-10-20,BR,google
893,2025-11-22,CA,facebook
894,2025-10-02,MX,google
895,2025-11-15,CA,organic
896,2025-11-02,CA,google
897,2025-11-29,BR,tiktok
898,2025-12-07,PT,facebook
899,2025-12-06,CA,facebook
900,2026-02-26,PT,google
901,2025-12-04,PT,tiktok
902,2025-11-03,CA,facebook
903,2025-12-23,MX,facebook
904,2026-03-09,CA,tiktok
905,2025-11-14,MX,facebook
906,2025-12-22,MX,google
907,2026-02-04,US,organic
908,2026-01-30,US,organic
909,2026-01-31,BR,tiktok
910,2026-01-09,US,facebook
911,2025-11-26,BR,email
912,2025-12-26,CA,google
913,2025-11-29,US,google
914,2025-10-22,CA,referral
915,2025-10-01,CA,tiktok
916,2026-01-13,PT,facebook
917,2026-01-20,CA,organic
918,2025-12-14,PT,organic
919,2025-10-04,BR,referral
920,2026-02-28,MX,google
921,2026-02-16,BR,organic
922,2026-02-25,CA,tiktok
923,2025-12-06,CA,google
924,2025-10-08,MX,google
925,2026-01-23,PT,organic
926,2026-02-07,US,facebook
927,2025-12-22,CA,referral
928,2026-02-10,PT,google
929,2025-09-19,CA,google
930,2025-12-28,BR,google
931,2025-10-19,MX,facebook
932,2026-01-07,US,organic
933,2025-12-11,CA,google
934,2026-03-10,CA,facebook
935,2025-11-28,BR,email
936,2025-10-12,BR,email
937,2026-02-25,BR,organic
938,2025-10-25,US,organic
939,2026-02-01,US,facebook
940,2025-12-31,CA,google
941,2025-12-25,US,google
942,2026-02-28,CA,facebook
943,2026-02-17,US,facebook
944,2025-12-31,CA,google
945,2025-11-06,US,google
946,2026-03-12,BR,organic
947,2026-01-28,US,facebook
948,2025-11-02,CA,google
949,2026-03-03,CA,organic
950,2026-02-23,MX,organic
951,2026-02-16,CA,organic
952,2025-12-11,MX,email
953,2026-02-18,US,email
954,2026-03-12,MX,tiktok
955,2026-02-11,BR,organic
956,2025-12-02,BR,google
957,2025-10-12,US,facebook
958,2025-10-19,PT,facebook
959,2026-02-12,US,organic
960,2025-12-30,US,organic
961,2026-01-28,US,organic
962,2026-01-16,MX,google
963,2025-12-02,CA,organic
964,2025-12-13,BR,organic
965,2025-11-01,CA,tiktok
966,2026-01-20,CA,facebook
967,2026-01-16,CA,referral
968,2026-01-04,CA,google
969,2026-02-04,BR,email
970,2025-11-08,MX,google
971,2025-11-09,PT,facebook
972,2026-01-08,PT,referral
973,2026-01-17,PT,organic
974,2026-02-06,BR,google
975,2026-01-30,MX,organic
976,2025-09-23,CA,organic
977,2025-12-30,BR,referral
978,2026-02-27,US,facebook
979,2025-09-21,CA,google
980,2025-10-05,CA,email
981,2025-10-13,US,google
982,2026-02-10,MX,email
983,2026-02-16,CA,google
984,2025-10-18,US,email
985,2025-09-28,PT,facebook
986,2025-11-23,PT,organic
987,2025-12-04,MX,facebook
988,2025-11-20,PT,tiktok
989,2026-03-05,BR,google
990,2025-12-27,BR,tiktok
991,2026-02-27,US,organic
992,2025-10-16,US,google
993,2025-12-04,US,referral
994,2026-03-05,CA,organic
995,2026-02-07,MX,organic
996,2025-12-18,CA,google
997,2025-10-06,CA,organic
998,2025-11-23,MX,facebook
999,2026-01-15,MX,organic
1000,2025-10-06,CA,organic
1001,2026-03-10,MX,email
1002,2026-01-27,CA,google
1003,2025-12-31,US,organic
1004,2025-12-04,MX,facebook
1005,2026-02-07,US,organic
1006,2026-01-15,MX,email
1007,2025-09-25,BR,google
1008,2026-01-08,BR,google
1009,2025-10-23,CA,facebook
1010,2025-12-31,US,tiktok
1011,2025-10-16,MX,google
1012,2025-11-22,BR,organic
1013,2025-11-16,BR,facebook
1014,2026-02-26,US,google
1015,2026-02-20,MX,referral
1016,2025-11-11,CA,organic
1017,2026-03-12,BR,google
1018,2026-01-13,BR,google
1019,2025-11-09,PT,organic
1020,2025-09-15,BR,organic
1021,2025-10-13,CA,organic
1022,2026-01-13,BR,google
1023,2025-10-05,BR,google
1024,2025-12-16,MX,google
1025,2025-10-17,US,google
1026,2026-02-04,BR,organic
1027,2025-10-25,CA,facebook
1028,2025-11-06,US,tiktok
1029,2026-02-17,CA,email
1030,2025-10-05,BR,google
1031,2025-10-14,PT,referral
1032,2025-12-11,CA,facebook
1033,2025-10-18,US,google
1034,2025-10-04,US,organic
1035,2026-02-13,PT,facebook
1036,2026-03-08,BR,email
1037,2026-02-28,MX,google
1038,2026-02-15,PT,google
1039,2025-12-22,MX,organic
1040,2025-11-13,CA,facebook
1041,2025-11-13,CA,organic
1042,2025-10-01,PT,email
1043,2025-09-16,MX,tiktok
1044,2025-10-16,CA,email
1045,2026-02-05,CA,facebook
1046,2026-03-06,US,referral
1047,2025-10-01,BR,organic
1048,2025-09-16,MX,google
1049,2025-09-28,CA,organic
1050,2026-02-20,PT,referral
1051,2025-12-30,CA,google
1052,2026-01-28,PT,organic
1053,2025-11-23,BR,facebook
1054,2026-01-21,US,tiktok
1055,2025-10-22,PT,facebook
1056,2026-02-10,BR,facebook
1057,2026-01-02,US,google
1058,2025-10-05,CA,google
1059,2026-02-16,PT,google
1060,2026-03-02,US,google
1061,2025-10-18,BR,google
1062,2025-12-10,PT,organic
1063,2025-11-18,US,facebook
1064,2025-11-20,BR,referral
1065,2025-09-20,MX,email
1066,2025-11-21,PT,google
1067,2026-02-07,BR,organic
1068,2026-01-21,MX,google
1069,2026-02-05,US,facebook
1070,2025-11-17,BR,email
1071,2026-03-04,BR,google
1072,2026-01-21,BR,google
1073,2025-09-16,US,google
1074,2025-12-15,CA,tiktok
1075,2025-10-28,BR,organic
1076,2026-02-27,CA,google
1077,2025-11-15,CA,tiktok
1078,2025-12-03,MX,email
1079,2026-02-06,MX,google
1080,2026-03-04,BR,google
1081,2026-01-23,BR,tiktok
1082,2025-09-30,CA,email
1083,2025-12-01,MX,google
1084,2026-01-07,BR,facebook
1085,2025-11-26,PT,referral
1086,2026-02-19,US,organic
1087,2026-02-11,CA,tiktok
1088,2025-11-02,PT,referral
1089,2025-11-14,US,google
1090,2025-12-26,BR,google
1091,2025-12-10,BR,tiktok
1092,2025-09-13,CA,email
1093,2025-11-30,BR,google
1094,2025-11-12,CA,organic
1095,2025-09-28,US,referral
1096,2025-10-06,BR,tiktok
1097,2026-01-24,CA,organic
1098,2025-12-17,CA,tiktok
1099,2025-10-04,PT,google
1100,2025-10-17,CA,google
1101,2026-02-05,BR,facebook
1102,2025-10-16,US,facebook
1103,2025-12-02,CA,organic
1104,2025-12-05,MX,facebook
1105,2025-11-11,BR,tiktok
1106,2025-10-17,PT,google
1107,2025-10-10,US,facebook
1108,2025-12-02,CA,google
1109,2025-12-13,US,facebook
1110,2026-01-09,MX,email
1111,2025-10-06,US,email
1112,2025-11-29,PT,google
1113,2025-12-05,US,google
1114,2025-11-15,MX,facebook
1115,2025-09-25,MX,google
1116,2025-10-27,BR,tiktok
1117,2026-01-06,PT,referral
1118,2025-11-15,BR,organic
1119,2025-10-18,BR,google
1120,2025-11-08,US,google
1121,2025-12-24,MX,organic
1122,2026-02-25,BR,organic
1123,2025-11-18,BR,google
1124,2025-09-29,US,email
1125,2026-01-04,US,google
1126,2025-12-06,BR,google
1127,2026-01-09,BR,google
1128,2026-02-06,CA,email
1129,2025-12-23,CA,google
1130,2026-03-06,CA,google
1131,2025-11-06,US,google
1132,2026-01-05,US,google
1133,2026-02-18,PT,google
1134,2025-11-27,CA,facebook
1135,2026-01-31,CA,google
1136,2025-11-23,CA,google
1137,2025-11-03,PT,google
1138,2026-01-30,BR,tiktok
1139,2025-12-13,CA,organic
1140,2026-01-15,MX,tiktok
1141,2026-01-19,MX,facebook
1142,2025-10-29,BR,facebook
1143,2025-11-08,BR,email
1144,2025-11-23,BR,email
1145,2026-01-11,PT,facebook
1146,2026-02-09,US,tiktok
1147,2025-10-08,US,organic
1148,2025-11-20,PT,email
1149,2025-09-27,US,organic
1150,2025-12-21,MX,tiktok
1151,2025-10-27,US,google
1152,2025-12-03,MX,tiktok
1153,2025-09-20,MX,tiktok
1154,2026-02-04,US,organic
1155,2025-10-31,CA,organic
1156,2025-10-27,CA,google
1157,2025-09-27,US,organic
1158,2025-09-18,PT,organic
1159,2025-12-06,PT,google
1160,2025-10-16,MX,referral
1161,2025-12-04,BR,google
1162,2026-02-10,US,referral
1163,2026-01-25,MX,tiktok
1164,2025-12-17,CA,organic
1165,2025-12-08,MX,facebook
1166,2025-10-23,CA,email
1167,2026-01-15,MX,google
1168,2026-02-03,PT,referral
1169,2025-11-09,PT,email
1170,2025-12-18,MX,referral
1171,2025-11-27,US,google
1172,2025-09-13,PT,facebook
1173,2026-02-05,BR,google
1174,2025-12-03,PT,google
1175,2026-02-04,BR,tiktok
1176,2025-10-19,MX,referral
1177,2025-11-12,MX,tiktok
1178,2025-10-25,BR,email
1179,2026-03-03,MX,facebook
1180,2025-11-19,US,google
1181,2025-09-30,MX,google
1182,2025-10-10,BR,google
1183,2026-01-03,CA,tiktok
1184,2025-12-27,CA,email
1185,2025-12-11,PT,facebook
1186,2026-01-13,PT,organic
1187,2026-03-07,US,google
1188,2025-10-01,BR,facebook
1189,2025-12-03,MX,tiktok
1190,2025-10-01,MX,google
1191,2025-12-18,US,referral
1192,2026-01-31,BR,facebook
1193,2026-02-17,CA,organic
1194,2026-01-01,US,organic
1195,2026-01-02,US,google
1196,2025-12-06,US,tiktok
1197,2025-12-26,PT,referral
1198,2026-01-29,MX,organic
1199,2025-11-28,US,google
1200,2025-12-22,PT,organic
