user_id,campaign_id,touched_at
2,12,2026-03-02
2,24,2025-12-16
3,8,2025-10-12
3,17,2025-10-12
9,23,2025-11-06
9,1,2026-01-03
11,11,2025-10-04
12,4,2025-11-10
12,7,2026-02-01
14,25,2025-11-29
14,1,2026-01-11
14,23,2026-02-18
15,15,2026-02-03
15,16,2026-01-22
15,11,2026-01-07
16,18,2025-10-25
17,10,2026-01-18
17,22,2025-11-05
21,4,2025-11-18
21,21,2025-09-29
21,12,2025-09-20
23,20,2025-10-23
23,22,2025-10-03
23,14,2025-10-30
23,22,2025-11-07
27,6,2025-12-07
27,14,2026-01-09
28,5,2025-10-13
28,7,2026-03-10
28,23,2026-02-07
33,21,2025-09-19
33,20,2025-09-27
33,15,2025-10-28
33,12,2025-12-05
35,14,2025-10-29
35,15,2026-02-21
35,2,2026-01-09
35,11,2026-02-03
36,15,2025-11-17
36,22,2026-02-01
36,16,2025-09-14
36,6,2026-01-11
38,3,2025-11-23
38,20,2026-01-22
39,23,2026-01-19
39,4,2025-11-25
39,4,2026-01-29
40,21,2025-11-06
40,5,2025-11-16
40,21,2025-11-14
44,18,2025-10-28
44,3,2026-01-13
44,13,2026-02-16
45,17,2026-01-30
45,12,2025-10-16
50,24,2026-01-02
51,21,2025-09-26
51,13,2025-11-09
51,7,2025-12-10
51,10,2026-03-03
52,22,2026-01-07
52,5,2025-11-29
53,12,2026-03-09
53,11,2025-10-21
53,6,2025-10-30
54,6,2026-01-21
54,1,2025-09-17
55,23,2026-02-03
55,5,2026-03-02
55,18,2026-01-21
55,25,2026-01-16
57,10,2026-02-25
57,13,2025-11-10
58,16,2025-11-06
59,23,2026-01-05
61,7,2025-10-27
61,12,2026-01-28
61,3,2025-12-29
61,6,2025-11-14
63,3,2025-11-23
64,23,2025-12-18
68,17,2026-02-21
68,17,2025-11-15
71,8,2025-11-10
71,7,2026-02-20
71,25,2025-11-01
73,11,2025-09-13
74,23,2025-11-17
75,4,2025-10-23
75,25,2026-01-02
75,8,2026-02-16
75,3,2026-03-09
76,7,2026-01-14
76,17,2026-03-07
76,24,2025-12-22
78,1,2026-02-04
78,7,2026-02-01
78,8,2025-12-29
80,4,2025-11-09
80,6,2025-11-05
82,22,2026-02-20
82,20,2025-11-09
82,15,2025-10-18
82,3,2026-01-29
83,15,2026-01-01
83,25,2026-02-07
83,24,2025-10-25
84,23,2026-01-30
84,25,2026-01-11
84,19,2025-11-30
84,11,2025-10-02
87,24,2025-12-17
89,1,2025-10-08
95,21,2026-02-10
95,14,2025-11-01
95,21,2025-11-09
95,21,2025-12-24
96,21,2026-02-12
96,2,2026-03-02
96,7,2026-01-19
96,15,2026-03-01
97,17,2025-09-14
97,2,2025-11-29
97,9,2025-11-15
97,20,2025-12-12
99,25,2025-12-26
99,10,2025-11-22
99,25,2025-11-26
103,12,2025-09-18
103,15,2026-02-12
103,19,2026-01-10
105,5,2026-02-13
106,25,2025-12-27
106,9,2026-02-02
106,15,2025-10-15
107,22,2025-12-22
110,4,2025-09-13
110,3,2025-10-03
110,24,2026-02-25
110,14,2025-10-11
115,12,2025-11-23
115,8,2025-12-21
115,17,2026-03-09
115,14,2025-10-04
116,7,2026-02-23
116,12,2025-10-23
116,13,2025-12-20
116,19,2025-10-02
117,20,2026-01-17
117,3,2026-01-29
117,23,2025-10-21
118,11,2025-12-25
118,20,2026-02-03
118,12,2025-11-30
118,6,2025-12-23
120,13,2026-02-19
122,13,2026-02-23
122,14,2025-12-23
122,19,2026-02-25
123,16,2025-10-26
124,12,2026-01-30
124,23,2026-03-03
124,20,2025-10-14
124,23,2025-10-12
125,15,2026-01-11
125,14,2026-02-19
125,15,2025-09-15
125,3,2026-01-28
126,16,2025-12-13
126,21,2025-10-27
127,11,2025-10-21
127,15,2026-01-25
127,25,2026-02-15
127,16,2026-02-23
131,14,2026-01-16
131,15,2026-02-01
131,7,2026-02-10
132,24,2025-09-23
133,21,2025-10-11
133,9,2025-09-30
138,7,2026-02-15
141,4,2026-03-05
142,5,2026-02-08
142,7,2026-01-06
142,12,2025-11-07
142,21,2026-01-16
144,21,2025-11-08
144,13,2025-10-04
146,14,2025-11-15
147,25,2025-09-24
147,19,2025-10-16
147,24,2025-11-07
147,12,2026-02-18
148,11,2025-10-30
148,15,2025-10-14
150,12,2025-12-29
150,9,2025-09-22
152,2,2025-12-09
153,13,2026-02-04
153,14,2025-11-24
155,3,2025-12-06
158,1,2026-03-03
159,23,2025-10-20
159,2,2025-09-28
159,20,2025-10-18
159,16,2026-02-18
161,20,2025-12-19
161,18,2026-02-07
161,13,2025-11-20
161,21,2025-09-19
163,12,2026-02-09
163,20,2026-02-02
163,18,2025-11-24
166,1,2026-02-10
166,8,2025-10-27
166,22,2025-12-08
166,12,2025-12-03
167,5,2025-10-07
167,2,2025-12-19
167,2,2025-11-13
168,22,2025-12-28
169,20,2025-09-13
169,17,2025-10-03
170,6,2025-11-19
170,9,2026-02-14
170,23,2026-02-20
172,8,2026-03-06
172,18,2025-10-31
173,25,2025-10-21
173,22,2026-01-03
176,3,2026-02-04
176,21,2026-01-30
176,17,2025-12-16
178,2,2025-12-26
178,21,2025-09-28
180,21,2025-11-28
180,15,2026-02-26
180,24,2026-01-22
181,9,2025-12-15
181,21,2025-12-09
181,9,2025-12-29
181,16,2026-02-06
182,14,2026-01-14
182,25,2025-12-02
182,5,2026-01-05
182,24,2025-11-17
187,10,2025-10-13
187,2,2025-10-02
187,24,2025-11-11
187,13,2026-01-25
188,6,2026-03-12
190,10,2025-11-04
190,13,2026-01-23
192,8,2026-01-18
192,3,2026-01-20
192,16,2025-11-20
193,20,2025-12-06
193,20,2025-12-01
194,19,2025-10-31
194,19,2026-01-27
195,5,2026-01-04
195,16,2025-12-06
195,17,2025-11-21
197,17,2025-10-01
197,13,2026-02-25
201,5,2025-10-12
201,5,2025-11-22
203,18,2026-03-09
203,18,2025-10-31
203,11,2025-10-09
204,14,2025-12-01
204,3,2025-12-25
206,11,2026-01-11
206,23,2026-01-14
206,17,2026-01-14
209,8,2025-09-30
213,10,2025-09-17
213,4,2026-03-11
213,19,2025-10-01
215,13,2025-10-09
215,2,2026-02-01
215,14,2025-09-19
215,10,2026-03-04
216,3,2025-09-18
216,9,2025-10-15
218,13,2025-09-20
218,3,2025-09-24
218,25,2026-02-24
219,3,2026-02-26
219,16,2025-10-25
219,12,2025-09-26
219,25,2026-01-22
220,10,2025-12-08
220,18,2026-02-22
220,17,2026-03-11
223,9,2025-10-28
223,13,2025-12-12
226,14,2025-11-23
229,22,2025-12-03
229,15,2026-03-05
230,14,2025-12-21
230,23,2026-02-20
230,13,2025-10-10
232,1,2026-01-15
232,5,2026-01-23
232,17,2026-01-27
232,7,2025-10-18
233,10,2025-09-20
233,7,2026-01-02
233,24,2025-12-22
235,17,2026-02-02
235,11,2025-12-28
235,25,2025-12-31
237,17,2025-09-15
237,11,2025-10-14
237,23,2025-10-24
237,3,2026-03-02
238,8,2026-01-18
239,19,2026-02-25
239,10,2026-01-03
239,2,2025-12-08
241,13,2026-02-21
241,17,2025-12-04
243,7,2025-11-05
245,22,2026-01-27
245,15,2025-12-12
245,18,2025-12-17
245,20,2025-11-21
246,10,2025-11-21
247,25,2025-12-06
247,20,2025-10-29
248,9,2026-01-13
248,16,2025-12-07
248,18,2025-09-19
248,7,2025-12-16
249,18,2025-10-13
250,21,2026-02-25
250,19,2026-03-08
250,18,2025-12-03
251,17,2026-02-09
251,16,2025-11-16
251,7,2025-10-26
252,24,2026-03-10
252,24,2026-01-14
252,17,2025-12-27
252,14,2026-03-07
254,10,2025-11-22
254,13,2025-09-17
254,25,2025-12-13
254,7,2025-09-20
255,12,2026-01-15
255,10,2025-09-30
256,3,2026-02-26
256,16,2025-11-14
259,9,2026-01-25
259,5,2025-09-14
259,17,2026-01-09
259,18,2025-12-26
260,19,2025-11-17
260,25,2025-09-17
260,14,2025-12-22
260,8,2025-09-17
263,23,2026-03-03
263,6,2025-11-24
264,8,2026-03-08
264,16,2025-11-06
264,5,2026-02-04
264,8,2025-10-20
267,12,2026-01-27
267,12,2025-11-17
271,15,2026-03-12
271,4,2025-10-28
273,20,2025-10-07
273,11,2026-02-16
278,21,2026-02-15
279,6,2026-03-01
280,19,2026-02-20
283,20,2026-02-07
283,2,2025-09-23
283,16,2025-09-18
284,19,2025-09-15
284,10,2025-11-12
285,7,2026-01-02
285,8,2025-10-24
286,4,2026-01-22
286,16,2025-10-13
286,18,2025-09-21
290,15,2025-12-07
292,24,2025-09-27
294,6,2025-11-25
294,17,2026-03-02
295,3,2026-02-20
295,13,2025-10-30
295,19,2026-02-13
295,21,2026-02-03
297,15,2026-01-10
297,19,2025-12-31
298,15,2025-11-02
298,11,2026-02-18
300,18,2025-12-21
300,13,2025-10-14
300,18,2025-11-17
300,17,2025-11-24
301,12,2025-09-29
301,11,2026-01-29
303,18,2025-09-21
303,22,2026-01-13
309,21,2026-03-09
309,3,2026-02-16
310,16,2026-02-24
310,12,2026-02-19
313,23,2026-02-19
313,1,2025-09-30
316,2,2026-01-13
316,7,2025-10-24
316,20,2026-03-07
316,15,2025-12-13
317,4,2025-10-17
317,6,2025-12-24
317,9,2025-11-25
317,8,2026-01-27
318,22,2025-11-28
321,7,2025-10-19
326,7,2025-10-06
326,1,2025-09-26
326,25,2025-12-08
328,15,2026-01-11
328,3,2025-12-25
328,19,2025-11-28
328,19,2026-03-04
329,3,2025-12-03
329,7,2025-12-28
329,23,2025-09-29
329,24,2026-03-10
330,8,2025-12-13
330,19,2025-09-26
330,13,2025-11-29
332,2,2025-11-25
334,23,2026-01-31
334,22,2025-10-10
334,2,2025-10-22
339,2,2025-12-03
339,10,2025-11-04
339,11,2025-11-28
340,24,2025-12-12
340,25,2025-10-03
340,14,2025-12-27
341,11,2025-10-20
341,12,2025-10-07
341,22,2025-12-11
341,15,2026-01-05
342,17,2025-12-22
342,22,2025-12-10
343,24,2026-01-19
343,18,2025-11-18
343,19,2026-03-11
346,14,2025-11-27
348,2,2026-02-02
350,2,2025-12-11
350,22,2026-02-23
352,18,2026-02-08
352,21,2026-01-14
352,8,2026-03-10
353,9,2025-10-06
355,7,2025-09-27
356,7,2025-10-13
356,17,2025-09-18
356,8,2026-03-11
356,9,2026-01-11
360,6,2026-03-05
360,3,2025-09-29
360,14,2025-10-26
360,2,2025-12-17
362,13,2026-02-22
362,15,2025-09-15
362,20,2025-09-18
363,16,2026-01-05
363,22,2025-10-10
365,3,2026-02-01
365,5,2026-02-08
367,1,2026-03-08
367,1,2025-12-18
367,19,2026-02-01
369,8,2026-01-30
370,24,2025-10-11
370,23,2025-11-01
370,15,2025-10-29
373,15,2026-02-20
375,24,2026-02-20
375,8,2026-02-20
375,15,2026-01-21
375,12,2025-12-01
376,9,2026-01-10
377,24,2025-10-15
377,15,2025-11-09
377,19,2026-01-14
378,16,2025-12-31
378,16,2025-10-22
378,6,2025-11-09
378,13,2025-12-21
380,16,2026-01-05
380,10,2025-11-13
381,6,2025-10-07
381,6,2025-12-29
381,16,2025-10-21
382,3,2026-02-26
382,13,2025-09-24
382,22,2025-12-03
382,16,2025-12-18
384,1,2025-12-12
384,15,2025-09-24
384,8,2025-09-29
385,2,2026-01-31
385,15,2026-02-25
385,24,2025-11-17
385,19,2026-01-25
387,8,2025-10-18
388,23,2026-03-09
389,20,2025-10-16
389,16,2026-02-10
389,3,2025-12-25
389,15,2025-12-07
390,14,2025-12-04
390,10,2025-10-17
391,23,2025-09-16
392,22,2025-09-23
395,16,2025-12-23
399,9,2026-01-08
399,20,2025-10-26
400,6,2026-01-13
400,6,2026-02-13
400,12,2026-01-11
403,10,2025-10-20
404,13,2026-03-02
405,6,2026-02-26
405,10,2025-11-27
405,5,2026-01-21
411,18,2025-10-20
411,15,2025-11-14
411,15,2025-11-28
412,24,2025-12-30
412,10,2026-02-13
412,15,2025-10-07
412,6,2025-09-16
416,15,2025-11-19
416,9,2025-11-02
416,11,2025-12-12
419,13,2025-11-07
419,7,2026-02-11
421,10,2026-01-21
422,14,2025-12-27
423,12,2026-01-28
423,14,2025-10-04
423,18,2025-11-06
425,25,2026-03-01
425,2,2026-02-21
425,23,2026-01-05
425,19,2026-02-21
426,9,2025-10-24
426,10,2025-10-19
426,23,2025-10-07
427,23,2025-12-24
432,11,2025-10-25
432,14,2025-09-17
432,14,2026-01-11
432,12,2025-12-05
434,14,2025-11-24
434,20,2026-03-04
438,22,2026-03-12
438,5,2025-12-02
445,1,2026-01-01
446,11,2025-10-06
447,22,2026-02-09
447,8,2025-09-15
450,9,2026-02-13
450,22,2025-09-26
450,18,2025-09-28
452,6,2025-10-09
452,5,2026-01-18
452,5,2025-12-16
453,14,2026-02-25
453,7,2026-01-17
453,18,2025-11-12
456,17,2025-12-03
457,3,2025-12-01
457,14,2026-01-17
459,11,2025-11-16
459,19,2025-12-10
459,1,2025-10-12
460,3,2025-11-15
460,2,2025-12-17
460,5,2025-12-21
460,14,2026-01-02
463,4,2025-12-21
463,15,2025-10-12
466,16,2025-09-29
466,22,2026-02-01
467,4,2025-10-12
467,22,2025-11-11
469,14,2025-10-18
470,2,2025-10-27
470,7,2025-12-23
477,14,2025-12-12
480,24,2025-11-02
480,20,2025-10-08
481,21,2025-09-15
482,5,2025-10-06
483,6,2026-02-14
483,2,2025-12-29
483,4,2025-12-02
484,3,2025-11-11
484,15,2026-01-10
484,3,2025-09-22
484,15,2025-12-02
485,18,2026-02-23
485,16,2025-10-27
486,19,2025-11-30
487,11,2025-10-01
487,11,2026-02-15
487,15,2025-10-06
487,22,2025-10-02
488,22,2025-10-14
488,3,2026-01-19
488,14,2026-02-20
488,25,2025-11-29
489,16,2025-10-11
490,15,2025-10-29
493,23,2025-09-22
493,19,2025-12-05
494,6,2026-03-12
494,20,2026-02-21
497,24,2026-02-18
497,23,2025-12-30
497,3,2025-12-08
498,15,2025-11-05
498,15,2025-10-18
499,15,2026-02-23
499,9,2025-10-06
501,4,2026-01-11
501,8,2025-09-27
501,11,2026-01-10
501,3,2026-03-05
505,23,2026-03-01
505,19,2025-10-08
505,22,2025-11-11
505,2,2026-02-03
506,9,2026-01-01
506,14,2026-02-19
508,17,2026-01-14
509,9,2025-12-12
509,9,2025-11-04
509,23,2026-01-21
509,20,2025-09-14
512,14,2026-02-03
513,10,2025-12-13
513,11,2025-10-19
513,21,2025-10-19
513,17,2025-12-28
517,23,2025-11-13
517,19,2025-09-20
517,23,2026-02-09
517,13,2025-09-20
518,23,2025-12-19
518,22,2025-10-21
518,9,2025-10-24
518,3,2025-11-05
519,16,2026-01-02
519,20,2025-09-15
519,11,2025-12-24
519,19,2026-02-22
520,17,2025-12-10
520,16,2026-01-02
521,24,2025-11-15
521,19,2025-09-14
521,10,2025-12-27
521,20,2025-11-23
522,20,2025-11-16
523,11,2026-01-23
524,23,2026-03-08
527,24,2025-10-04
529,8,2026-02-25
529,15,2026-03-05
530,9,2026-01-25
530,24,2025-09-25
530,17,2025-12-03
531,16,2026-02-25
531,7,2025-12-17
531,16,2025-10-27
533,12,2026-02-05
533,20,2026-01-12
533,1,2025-10-22
533,12,2025-11-22
534,21,2026-01-11
534,25,2026-01-09
536,17,2026-02-05
536,9,2026-02-17
536,6,2025-11-29
539,11,2025-10-23
539,4,2025-10-17
539,12,2025-11-21
541,25,2026-02-05
541,9,2026-03-10
543,21,2026-02-18
543,8,2025-11-27
544,8,2026-01-02
545,17,2026-03-02
545,8,2026-01-16
545,13,2026-01-30
546,18,2025-12-15
546,13,2025-10-30
547,16,2026-01-29
547,9,2026-02-21
547,19,2026-01-23
547,12,2026-01-15
550,5,2025-10-11
550,7,2025-11-01
554,10,2026-02-04
554,2,2026-02-15
554,17,2025-12-21
559,21,2025-10-04
560,8,2025-12-28
560,8,2026-02-19
560,16,2025-11-05
560,18,2025-10-27
562,18,2025-12-29
562,6,2026-01-23
562,12,2025-12-05
562,15,2026-02-02
564,16,2026-01-10
564,8,2026-02-13
564,22,2025-09-21
566,5,2026-02-28
568,15,2026-02-23
568,1,2025-12-09
570,3,2026-01-02
574,11,2025-10-04
574,11,2026-02-09
574,22,2025-12-01
574,6,2025-10-02
575,14,2025-12-29
575,14,2026-01-05
575,5,2026-01-17
578,14,2025-10-30
578,20,2025-12-17
580,13,2025-10-12
582,16,2025-11-03
582,14,2026-03-08
582,11,2025-09-23
583,14,2025-11-24
583,7,2026-02-17
583,14,2025-11-12
584,9,2026-02-13
584,23,2025-12-17
584,11,2026-01-11
584,8,2025-12-01
585,14,2025-09-25
585,25,2025-11-02
585,5,2026-01-13
586,23,2025-10-07
586,6,2025-10-05
586,22,2025-12-04
587,5,2025-10-06
587,4,2025-11-09
587,6,2026-01-19
587,23,2025-12-21
588,7,2026-01-29
588,6,2025-12-15
588,18,2026-03-03
588,21,2025-11-14
590,8,2025-11-09
590,25,2025-11-26
590,18,2025-12-01
591,18,2025-12-21
591,16,2026-03-01
591,23,2026-03-06
592,9,2025-12-04
592,24,2026-01-05
592,4,2026-03-06
592,22,2025-10-13
593,16,2026-02-16
593,16,2025-11-09
593,7,2025-09-29
593,10,2025-09-22
598,1,2025-10-19
598,20,2026-01-25
598,5,2025-12-21
602,17,2026-03-06
604,4,2025-12-10
604,20,2025-11-13
605,4,2025-12-11
606,25,2026-01-03
606,20,2026-03-07
612,24,2026-01-23
612,4,2025-10-18
614,13,2026-01-16
614,25,2026-02-04
618,9,2025-12-06
618,7,2025-11-21
619,17,2026-01-02
619,16,2025-11-21
620,10,2026-01-18
625,16,2026-02-14
625,8,2026-02-18
625,16,2025-10-27
627,5,2025-09-28
627,12,2025-11-03
627,11,2025-12-18
627,20,2026-02-06
628,12,2026-02-06
628,3,2026-03-04
628,5,2026-02-05
629,11,2025-12-14
629,25,2025-12-28
629,8,2025-10-09
630,4,2025-11-27
630,19,2025-11-02
630,23,2026-02-28
631,4,2026-02-24
631,2,2025-12-26
631,14,2026-03-08
632,15,2025-10-24
633,10,2025-12-02
634,17,2025-11-07
635,7,2025-11-06
635,11,2026-02-15
635,1,2026-01-07
636,10,2025-11-19
637,20,2025-12-25
637,7,2025-10-01
637,19,2025-10-06
638,2,2025-12-08
640,3,2026-02-16
641,25,2025-10-29
641,4,2026-02-25
641,15,2025-11-16
644,9,2026-02-17
644,15,2025-12-05
644,22,2025-09-22
644,22,2025-12-03
646,14,2025-11-04
646,7,2025-12-15
646,11,2025-09-24
646,22,2025-12-19
648,6,2025-11-29
648,24,2026-03-05
649,13,2025-12-27
649,19,2025-10-05
649,5,2025-12-12
649,1,2026-01-22
650,14,2026-02-28
650,6,2025-10-08
650,23,2025-12-08
653,22,2025-10-10
653,21,2025-12-01
653,20,2025-12-24
653,19,2026-02-26
654,23,2025-10-25
654,12,2025-11-02
654,21,2026-02-09
657,20,2026-02-28
657,11,2025-12-25
657,2,2025-11-18
657,24,2026-01-25
658,11,2025-12-09
661,22,2025-10-24
661,22,2025-09-14
661,18,2025-09-22
662,24,2026-01-19
662,24,2026-01-24
662,18,2026-01-24
662,16,2025-12-30
663,2,2026-02-01
663,21,2026-01-20
664,18,2025-11-08
664,8,2026-03-06
667,21,2025-12-23
667,6,2025-10-03
667,10,2025-11-28
667,24,2025-11-14
668,20,2025-10-04
668,7,2026-02-03
669,15,2025-09-29
669,7,2025-11-18
669,18,2025-12-13
669,12,2025-10-10
670,21,2025-12-10
670,7,2025-12-05
670,24,2026-01-30
676,23,2026-02-06
676,24,2025-10-11
676,3,2025-10-08
676,16,2025-12-10
678,11,2025-11-08
678,3,2025-09-26
680,2,2026-02-19
680,14,2026-03-08
682,12,2026-03-03
682,6,2026-02-09
682,10,2026-01-29
683,24,2026-02-20
683,8,2025-10-11
687,1,2025-11-22
688,24,2026-01-13
688,6,2026-03-04
688,16,2025-12-19
688,25,2025-09-20
692,22,2025-09-27
692,4,2026-02-25
692,12,2025-09-18
693,10,2025-09-15
696,21,2025-12-21
696,11,2025-09-24
696,6,2026-01-14
700,11,2025-10-18
701,13,2026-01-20
701,12,2025-12-15
702,2,2025-12-10
702,16,2026-02-17
702,9,2026-01-06
702,25,2025-11-03
703,15,2026-03-03
703,20,2026-02-12
703,8,2025-11-20
705,22,2026-03-10
705,24,2025-09-16
707,25,2026-01-09
707,23,2025-10-17
707,9,2026-01-14
707,5,2025-12-20
708,12,2025-10-30
709,20,2025-11-22
711,6,2025-10-07
711,15,2026-03-08
714,25,2025-11-04
714,1,2025-10-09
714,23,2025-09-25
715,17,2026-01-28
715,11,2025-11-09
717,15,2026-02-07
717,7,2025-12-07
720,9,2025-10-22
720,16,2026-01-31
723,2,2026-01-13
724,2,2026-03-01
724,15,2026-01-11
724,14,2025-11-19
725,3,2026-01-09
725,23,2025-12-22
725,14,2025-12-19
726,16,2025-09-16
726,13,2026-01-22
726,6,2026-02-23
727,24,2025-09-14
727,14,2026-01-14
730,16,2025-10-04
730,3,2025-12-24
731,5,2025-11-16
731,3,2025-09-22
731,13,2025-10-12
733,7,2025-11-19
736,1,2025-10-30
738,24,2025-10-13
739,3,2025-11-15
739,2,2026-02-07
740,17,2025-10-13
740,11,2026-02-05
740,20,2025-11-26
740,4,2025-11-02
741,14,2025-09-23
743,3,2025-10-22
743,8,2025-12-14
743,11,2025-12-17
743,11,2025-10-17
744,21,2026-01-01
746,23,2026-02-20
746,14,2025-11-15
749,15,2025-11-04
755,1,2025-12-19
756,1,2025-10-21
756,4,2025-11-24
756,25,2025-09-22
758,12,2025-10-26
758,18,2026-02-08
758,11,2025-12-24
759,11,2026-01-24
759,21,2025-12-23
759,9,2025-09-29
759,11,2026-01-28
760,19,2025-12-21
760,20,2025-10-20
760,7,2025-10-01
760,11,2026-01-22
762,22,2025-11-22
763,2,2025-11-13
763,13,2026-02-16
763,16,2025-09-28
764,23,2026-02-17
764,16,2025-10-09
764,25,2025-12-31
765,20,2025-10-28
765,20,2025-11-01
766,6,2025-11-08
767,21,2026-01-01
770,1,2025-09-22
773,22,2026-01-15
774,12,2025-11-02
777,13,2025-09-23
778,14,2025-10-27
778,15,2025-12-20
778,3,2025-12-25
780,24,2025-11-28
780,1,2025-09-13
781,25,2025-11-15
781,5,2025-11-29
782,6,2025-10-18
782,23,2025-11-17
783,15,2026-01-29
783,3,2025-12-30
784,16,2025-12-15
784,3,2025-09-20
784,17,2025-12-02
785,25,2025-12-02
785,20,2026-03-10
787,15,2025-10-15
787,13,2025-11-30
787,10,2025-10-12
787,5,2025-10-30
788,14,2025-11-30
788,3,2026-03-12
788,4,2025-11-02
788,2,2025-09-21
791,15,2025-09-27
791,11,2026-01-11
791,12,2026-02-28
792,25,2025-09-30
792,4,2026-02-18
793,6,2025-11-01
797,15,2026-01-17
798,15,2026-01-28
799,14,2025-12-27
799,18,2025-09-30
799,1,2026-02-28
799,13,2025-12-17
800,14,2026-01-15
800,5,2026-02-06
800,24,2025-09-20
801,10,2026-02-26
801,17,2025-12-13
802,21,2025-12-02
802,21,2025-11-10
802,9,2025-09-30
802,13,2025-10-30
803,11,2025-12-23
803,3,2025-10-21
803,3,2025-12-17
803,2,2026-03-09
806,18,2026-01-11
806,4,2026-02-02
806,16,2025-10-30
806,10,2025-12-19
808,12,2025-12-26
809,25,2025-10-13
809,19,2025-11-07
809,22,2025-09-20
809,22,2025-12-13
810,13,2025-12-10
810,1,2025-09-14
810,13,2026-01-19
810,1,2025-10-07
811,6,2026-02-12
811,6,2025-09-27
812,16,2026-01-19
812,4,2026-03-06
817,11,2026-02-23
818,3,2025-12-14
818,2,2026-03-11
819,15,2025-10-04
819,20,2025-11-22
819,19,2025-10-01
819,1,2026-01-09
822,21,2025-11-19
824,19,2025-12-12
824,20,2025-11-28
830,13,2025-12-09
830,25,2026-02-17
832,23,2026-01-17
834,3,2026-01-17
834,18,2026-01-30
834,25,2025-10-29
834,6,2025-09-26
836,17,2026-03-07
836,5,2026-01-17
836,14,2025-12-26
837,14,2026-01-31
837,4,2025-09-15
837,20,2025-12-31
837,1,2025-10-03
838,20,2026-02-15
839,18,2026-01-11
839,13,2025-10-06
842,23,2025-09-13
842,3,2025-10-28
843,14,2025-11-30
843,4,2025-11-17
843,13,2025-10-18
844,9,2025-11-20
844,13,2025-11-14
844,23,2025-10-03
846,21,2026-01-01
847,25,2025-12-08
847,5,2026-02-14
847,16,2025-09-30
847,20,2025-09-19
850,5,2025-11-04
850,9,2025-12-26
850,14,2026-01-02
850,6,2026-01-01
855,6,2025-12-16
857,8,2026-03-01
857,20,2026-03-12
857,20,2025-10-27
857,3,2025-10-15
858,8,2025-11-07
858,4,2025-10-09
858,23,2026-02-25
862,23,2025-12-27
862,11,2025-09-26
862,23,2025-12-12
866,15,2025-11-10
867,1,2026-01-26
867,16,2025-09-21
867,9,2025-11-05
868,22,2026-01-25
868,17,2025-10-28
868,20,2025-12-14
868,11,2025-10-06
869,4,2025-11-02
869,22,2026-01-27
869,25,2025-12-24
869,14,2026-01-07
870,12,2026-02-20
870,5,2025-10-17
871,14,2025-11-21
878,16,2026-02-18
878,24,2026-01-29
878,8,2025-11-01
878,9,2025-11-25
880,20,2026-02-16
880,7,2026-02-26
882,20,2025-12-31
882,3,2025-10-23
882,22,2026-01-15
882,21,2025-10-22
883,1,2025-12-11
883,21,2025-11-03
883,8,2025-11-18
883,5,2025-12-25
887,12,2026-02-01
887,22,2025-10-29
887,8,2025-11-22
887,18,2025-11-03
889,4,2025-12-29
889,7,2025-09-29
889,5,2025-09-22
890,11,2025-12-14
894,6,2025-10-04
895,14,2026-03-08
895,7,2026-01-03
895,2,2025-12-13
896,19,2025-11-15
896,8,2025-09-27
896,17,2026-01-18
896,15,2026-02-17
901,18,2025-10-26
901,23,2025-11-14
902,14,2025-12-31
902,6,2026-01-02
902,10,2026-02-10
902,16,2025-10-06
903,18,2025-10-25
903,7,2026-03-07
904,14,2025-12-11
904,6,2025-11-04
904,7,2026-01-08
906,20,2025-12-22
906,12,2025-10-07
907,1,2025-11-19
907,19,2026-02-23
907,16,2026-01-08
911,22,2025-12-29
912,14,2026-02-23
912,7,2026-02-24
912,22,2025-12-01
914,3,2026-01-09
915,4,2025-12-12
915,2,2025-10-20
915,19,2025-11-18
918,2,2026-02-24
918,12,2025-09-27
918,16,2025-09-24
921,5,2025-10-26
924,6,2026-01-31
924,6,2026-01-14
925,4,2025-11-20
925,13,2026-02-02
926,3,2026-02-14
926,7,2025-10-24
927,20,2026-01-29
927,4,2026-03-01
927,1,2025-12-17
928,18,2025-12-14
930,22,2025-09-20
930,21,2025-09-30
930,19,2025-12-11
930,8,2026-03-06
931,10,2026-02-14
931,18,2025-11-14
931,14,2025-12-12
931,4,2026-03-08
933,21,2026-03-03
934,2,2025-11-14
934,24,2026-01-09
935,16,2025-12-26
936,10,2025-12-12
936,5,2025-09-29
936,6,2026-03-12
936,1,2025-11-02
937,24,2026-01-01
937,15,2025-09-26
937,7,2025-12-18
942,15,2026-01-31
942,1,2025-10-21
942,4,2025-09-30
943,21,2025-10-15
943,10,2025-11-29
943,15,2025-09-28
945,19,2026-02-02
945,13,2025-10-15
945,5,2026-03-08
945,2,2026-01-29
948,13,2025-11-16
948,9,2025-10-05
948,16,2026-02-27
948,11,2025-12-04
951,19,2026-02-21
951,17,2026-01-13
952,21,2026-01-23
953,1,2025-09-26
953,8,2026-02-17
953,23,2025-12-18
954,13,2025-09-26
954,13,2025-10-12
956,14,2026-03-05
956,9,2025-12-26
957,19,2026-01-23
957,18,2025-11-24
959,25,2025-10-31
959,1,2025-11-17
960,9,2025-10-22
960,16,2025-10-28
961,21,2025-10-06
961,25,2025-10-19
961,23,2025-12-14
961,20,2026-01-12
963,8,2026-02-20
963,4,2025-12-08
964,13,2026-02-02
966,7,2025-12-08
966,9,2025-09-21
966,24,2025-10-26
967,13,2025-12-22
967,15,2026-02-18
967,16,2026-02-18
968,4,2025-10-21
969,19,2025-12-17
970,4,2025-11-04
970,21,2025-12-12
970,2,2025-09-23
970,20,2026-03-12
971,12,2025-10-16
971,15,2025-12-17
971,25,2025-10-21
972,18,2025-12-15
977,21,2025-10-18
977,25,2026-02-27
977,17,2026-01-01
977,10,2025-09-18
979,15,2025-10-05
980,13,2025-10-11
980,12,2025-09-23
983,14,2025-10-12
983,1,2025-09-20
983,12,2025-11-12
984,5,2026-01-25
984,18,2025-12-14
986,2,2026-03-11
987,3,2025-10-15
987,14,2025-12-16
987,6,2025-12-18
987,15,2026-01-22
988,22,2026-02-27
989,22,2026-02-22
989,15,2026-02-07
991,17,2025-11-16
991,16,2025-12-07
991,4,2026-01-20
992,9,2026-01-05
992,6,2026-01-16
992,7,2026-02-27
992,19,2026-02-11
993,14,2026-02-17
993,4,2025-09-30
993,25,2026-01-01
993,19,2026-01-10
1000,7,2026-01-09
1000,8,2026-02-10
1000,6,2026-02-11
1000,9,2025-12-25
1002,8,2025-10-29
1003,11,2026-01-25
1003,9,2025-10-09
1003,8,2025-11-04
1004,7,2025-10-15
1004,1,2025-10-31
1004,3,2025-09-22
1005,20,2025-10-14
1005,14,2025-09-23
1005,16,2025-12-06
1005,8,2025-11-12
1006,16,2025-11-13
1007,25,2025-10-26
1008,19,2026-01-31
1008,15,2025-11-08
1011,9,2026-01-26
1014,25,2025-11-19
1014,21,2026-01-20
1014,25,2025-11-15
1014,6,2026-01-27
1017,14,2025-12-20
1017,11,2025-10-26
1017,17,2026-02-17
1017,19,2025-11-09
1018,9,2026-02-26
1018,4,2026-03-11
1019,2,2025-09-30
1019,3,2025-11-10
1020,3,2025-11-13
1020,19,2025-11-16
1020,9,2025-12-23
1022,18,2025-11-07
1022,13,2025-12-01
1022,12,2025-09-15
1022,16,2026-02-08
1023,11,2026-01-14
1023,25,2025-11-09
1023,20,2026-02-24
1023,21,2025-11-20
1024,10,2026-02-13
1024,19,2025-12-04
1024,8,2026-02-12
1024,25,2025-11-30
1027,25,2026-02-07
1027,8,2026-03-02
1027,9,2025-10-09
1030,19,2025-10-18
1030,23,2025-10-14
1030,14,2025-12-19
1030,18,2025-10-02
1031,7,2025-10-17
1031,19,2025-10-14
1031,24,2025-12-22
1031,3,2025-09-16
1033,22,2026-02-18
1033,10,2026-01-04
1034,9,2025-09-29
1035,7,2025-09-23
1035,13,2025-09-28
1037,24,2026-02-27
1037,8,2025-09-20
1037,21,2025-10-23
1037,16,2026-01-14
1039,23,2025-10-11
1039,1,2025-11-05
1039,16,2025-11-11
1041,20,2026-01-04
1041,1,2025-10-23
1041,15,2025-10-09
1041,1,2025-12-09
1044,23,2025-10-07
1044,13,2026-03-06
1045,7,2025-12-11
1045,12,2026-01-03
1045,15,2026-02-03
1045,24,2025-09-21
1047,14,2026-02-18
1048,15,2025-10-31
1049,2,2026-02-14
1049,13,2025-10-27
1049,7,2025-12-07
1050,18,2026-03-10
1051,2,2025-10-03
1051,23,2026-01-03
1051,17,2026-02-20
1051,11,2026-02-11
1053,20,2025-12-17
1053,22,2026-01-19
1053,22,2026-02-28
1056,7,2025-12-30
1056,21,2026-01-07
1056,22,2025-12-13
1057,16,2025-12-15
1057,21,2025-12-05
1057,24,2025-09-30
1059,22,2025-11-17
1059,12,2025-10-03
1059,25,2026-02-08
1059,24,2025-09-27
1062,13,2025-10-02
1062,19,2025-10-28
1064,18,2026-03-09
1064,17,2026-02-15
1064,25,2026-03-06
1067,1,2025-11-02
1067,10,2025-11-04
1067,4,2026-02-23
1070,22,2026-02-10
1072,21,2025-12-22
1072,12,2025-11-07
1073,7,2026-02-22
1073,22,2025-12-01
1073,12,2026-03-03
1073,12,2026-02-20
1076,16,2026-03-03
1076,24,2026-02-27
1076,20,2025-11-27
1076,6,2025-10-23
1078,21,2026-02-17
1078,23,2025-09-30
1079,7,2025-09-18
1085,5,2026-02-11
1085,7,2025-10-14
1085,8,2026-01-10
1087,16,2025-10-03
1087,12,2026-01-26
1090,12,2026-03-02
1090,16,2026-01-27
1091,10,2025-12-13
1092,5,2025-10-03
1092,8,2026-01-09
1092,23,2026-01-02
1093,23,2025-11-24
1093,22,2026-02-04
1093,11,2025-12-23
1093,18,2026-01-12
1094,22,2025-09-27
1094,25,2025-12-07
1095,1,2025-10-22
1095,17,2025-12-15
1095,21,2026-01-31
1095,4,2025-09-21
1099,7,2026-02-27
1100,1,2025-09-16
1100,11,2025-12-26
1104,18,2026-02-20
1104,8,2025-12-11
1104,16,2026-03-02
1104,9,2025-10-25
1106,4,2025-10-14
1107,21,2025-09-21
1109,21,2025-12-22
1109,14,2025-10-14
1110,13,2026-01-02
1112,25,2025-10-12
1112,6,2026-02-02
1112,9,2025-10-12
1112,11,2026-03-08
1118,12,2025-11-22
1118,3,2025-11-24
1118,8,2025-12-22
1120,16,2025-11-18
1120,10,2025-12-18
1121,11,2025-12-07
1121,3,2026-01-22
1121,22,2026-01-07
1122,20,2025-11-04
1122,13,2026-01-18
1122,5,2025-11-12
1122,15,2026-01-25
1123,1,2026-02-01
1123,20,2025-10-02
1125,12,2025-09-29
1127,3,2025-10-15
1129,24,2025-10-15
1129,22,2025-12-11
1129,11,2026-02-03
1129,20,2025-11-06
1130,10,2026-02-17
1130,13,2025-12-06
1130,15,2026-01-26
1130,23,2026-03-06
1131,15,2026-01-04
1132,3,2025-10-19
1132,11,2025-10-08
1133,23,2025-11-22
1133,7,2025-09-26
1133,2,2025-11-05
1134,7,2025-10-11
1134,19,2025-12-05
1137,14,2025-12-21
1137,3,2025-11-13
1137,4,2026-02-25
1139,19,2026-02-01
1140,11,2026-02-18
1141,11,2026-02-15
1141,9,2026-01-12
1145,3,2025-12-06
1146,9,2025-10-15
1146,13,2025-09-16
1146,2,2025-09-15
1148,1,2025-10-01
1152,10,2025-10-08
1152,22,2026-02-02
1155,7,2025-09-23
1159,4,2026-02-15
1159,23,2026-01-02
1161,16,2026-03-07
1161,22,2025-12-10
1161,25,2026-01-12
1162,6,2025-11-21
1162,6,2026-01-22
1163,10,2025-10-18
1163,22,2026-03-06
1164,6,2025-10-16
1164,7,2025-12-18
1164,19,2025-11-14
1165,18,2025-09-26
1165,16,2026-02-12
1166,15,2026-01-05
1166,2,2026-01-30
1168,11,2025-10-16
1168,23,2026-03-07
1168,23,2025-12-24
1168,11,2025-09-14
1169,13,2026-01-03
1169,3,2026-02-26
1169,3,2026-03-10
1170,20,2025-10-20
1170,11,2025-12-15
1172,3,2026-02-04
1172,2,2026-01-13
1176,23,2025-12-03
1177,19,2026-02-01
1177,19,2026-03-12
1177,25,2026-01-14
1177,13,2025-12-30
1182,8,2025-09-13
1182,16,2025-11-04
1182,10,2025-10-09
1184,4,2025-11-06
1185,6,2025-12-13
1185,13,2026-01-22
1185,22,2026-02-24
1185,11,2025-12-31
1187,21,2025-11-21
1187,8,2025-10-25
1188,15,2025-12-14
1191,25,2025-11-15
1191,3,2025-11-28
1191,15,2026-02-25
1191,16,2026-01-20
1192,20,2025-09-28
1192,10,2025-12-04
1192,10,2025-11-23
1192,15,2026-02-11
1193,1,2025-11-05
1193,11,2026-01-04
1193,6,2026-02-10
1197,3,2026-02-16
1198,4,2026-02-06
1199,4,2026-02-20
1199,9,2025-11-17
